session_id,participant_id,conversation_order,condition_code,condition_order,conversation_within_condition,latin_square_sequence,created_at,updated_at,topic_id,variation_id,topic_prompt,topic_preference,style_name,model_size,model_name,personality_context_enabled,status
c1e130c5-19fc-4cbd-b63b-0eb7ac5efc91,P-2644CBC033,1,C,1,1,3,2026-09-20T10:49:15,2026-09-20T10:51:17,T6,A,"You receive an online order, but the package does not contain the exact items you purchased. How do you typically handle the situation?",low,Neutral Engagement Agent,small,google/gemma-3-4b-it,1,complete
00a64c26-fc04-4f39-9cd3-2f7ae316dba5,P-2644CBC033,2,C,1,2,3,2026-09-20T10:49:15,2026-09-20T10:53:53,T6,C,"You receive an online order, but the delivery arrives much later than expected. How do you typically react?",low,Neutral Engagement Agent,small,google/gemma-3-4b-it,1,complete
61420b66-ab8c-42f6-a586-b30c56896e1b,P-2644CBC033,3,D,2,1,3,2026-09-20T10:49:15,2026-09-20T11:39:46,T6,C,"You receive an online order, but the delivery arrives much later than expected. How do you typically react?",low,Neutral Engagement Agent,small,google/gemma-3-4b-it,0,complete
8e6ecacf-bc32-4054-bd8a-89534cae4081,P-2644CBC033,4,D,2,2,3,2026-09-20T10:49:15,2026-09-20T11:41:53,T6,A,"You receive an online order, but the package does not contain the exact items you purchased. How do you typically handle the situation?",low,Neutral Engagement Agent,small,google/gemma-3-4b-it,0,complete
743d061d-c428-40fa-83e5-c102eed04fc3,P-2644CBC033,5,B,3,1,3,2026-09-20T10:49:15,2026-09-20T11:47:00,T1,D,"You are at a supermarket in Greece, choosing lentils. You notice both branded options and supermarket own brands. What factors do you consider before deciding?",high,Neutral Engagement Agent,small,google/gemma-3-4b-it,0,complete
aa3fe7b6-131b-4615-abf3-813c0f1aad88,P-2644CBC033,6,B,3,2,3,2026-09-20T10:49:15,2026-09-20T11:51:38,T1,C,"You are at a supermarket in Greece, choosing cheese. You notice both branded options and supermarket own brands. What factors do you consider before deciding?",high,Neutral Engagement Agent,small,google/gemma-3-4b-it,0,complete
da958aac-868c-4517-9992-f10dcfb30560,P-2644CBC033,7,E,4,1,3,2026-09-20T10:49:15,2026-09-20T11:57:21,T1,D,"You are at a supermarket in Greece, choosing lentils. You notice both branded options and supermarket own brands. What factors do you consider before deciding?",high,Neutral Engagement Agent,medium,google/gemma-4-31b-it,1,complete
225665bf-980c-4c4a-92af-deb7fc8eb20b,P-2644CBC033,8,E,4,2,3,2026-09-20T10:49:15,2026-09-20T12:01:31,T1,C,"You are at a supermarket in Greece, choosing cheese. You notice both branded options and supermarket own brands. What factors do you consider before deciding?",high,Neutral Engagement Agent,medium,google/gemma-4-31b-it,1,complete
e1be14e4-b451-4f54-97c8-1ab60bb4f0fc,P-2644CBC033,9,A,5,1,3,2026-09-20T10:49:15,2026-09-20T12:07:10,T1,C,"You are at a supermarket in Greece, choosing cheese. You notice both branded options and supermarket own brands. What factors do you consider before deciding?",high,Neutral Engagement Agent,small,google/gemma-3-4b-it,1,complete
815c2075-dc37-4e60-8a68-3538421c2c1b,P-2644CBC033,10,A,5,2,3,2026-09-20T10:49:15,2026-09-20T12:10:09,T1,D,"You are at a supermarket in Greece, choosing lentils. You notice both branded options and supermarket own brands. What factors do you consider before deciding?",high,Neutral Engagement Agent,small,google/gemma-3-4b-it,1,complete
463daf07-f190-44ac-ba19-9fa7dc808f32,P-2644CBC033,11,F,6,1,3,2026-09-20T10:49:15,2026-09-20T12:15:25,T1,D,"You are at a supermarket in Greece, choosing lentils. You notice both branded options and supermarket own brands. What factors do you consider before deciding?",high,Neutral Engagement Agent,medium,google/gemma-4-31b-it,0,complete
04969173-57b0-46e0-80c9-6ff29d139147,P-2644CBC033,12,F,6,2,3,2026-09-20T10:49:15,2026-09-20T12:21:35,T1,C,"You are at a supermarket in Greece, choosing cheese. You notice both branded options and supermarket own brands. What factors do you consider before deciding?",high,Neutral Engagement Agent,medium,google/gemma-4-31b-it,0,complete
95ce5812-9b9e-4b2e-a508-a949e2da5bb5,P-2644CBC033,13,H,7,1,3,2026-09-20T10:49:15,2026-09-20T12:25:58,T6,C,"You receive an online order, but the delivery arrives much later than expected. How do you typically react?",low,Neutral Engagement Agent,medium,google/gemma-4-31b-it,0,complete
7a82e6e2-20d8-44ca-8355-698c78760fd1,P-2644CBC033,14,H,7,2,3,2026-09-20T10:49:15,2026-09-20T12:29:50,T6,A,"You receive an online order, but the package does not contain the exact items you purchased. How do you typically handle the situation?",low,Neutral Engagement Agent,medium,google/gemma-4-31b-it,0,complete
363ee90b-c22d-482b-96ba-00bc8c863d8c,P-2644CBC033,15,G,8,1,3,2026-09-20T10:49:15,2026-09-20T12:34:44,T6,A,"You receive an online order, but the package does not contain the exact items you purchased. How do you typically handle the situation?",low,Neutral Engagement Agent,medium,google/gemma-4-31b-it,1,complete
1f7346ec-536a-473c-a8e3-93814bcf208a,P-2644CBC033,16,G,8,2,3,2026-09-20T10:49:15,2026-09-20T12:39:24,T6,C,"You receive an online order, but the delivery arrives much later than expected. How do you typically react?",low,Neutral Engagement Agent,medium,google/gemma-4-31b-it,1,complete
3c41c0c1-6496-4632-8f0b-72977420c5e3,P-2DB0DA1D0E,1,E,1,1,5,2026-09-17T12:39:23,2026-09-17T12:43:03,T8,B,You are considering a weekend getaway within Greece. What factors influence your destination choice?,high,Neutral Engagement Agent,medium,google/gemma-4-31b-it,1,complete
6f86173f-4d08-4ef2-a7f7-61ac0a2372d3,P-2DB0DA1D0E,2,E,1,2,5,2026-09-17T12:39:23,2026-09-17T18:38:50,T8,A,"You are considering a short trip to another region of Greece. What kind of experience are you looking for, and how do you decide?",high,Neutral Engagement Agent,medium,google/gemma-4-31b-it,1,complete
453656a0-4345-4206-b043-5a87f4d03478,P-2DB0DA1D0E,3,F,2,1,5,2026-09-17T12:39:23,2026-09-17T18:43:06,T8,A,"You are considering a short trip to another region of Greece. What kind of experience are you looking for, and how do you decide?",high,Neutral Engagement Agent,medium,google/gemma-4-31b-it,0,complete
a0d7a6e4-7939-4870-a878-c3b6a334ef02,P-2DB0DA1D0E,4,F,2,2,5,2026-09-17T12:39:23,2026-09-17T18:48:34,T8,B,You are considering a weekend getaway within Greece. What factors influence your destination choice?,high,Neutral Engagement Agent,medium,google/gemma-4-31b-it,0,complete
3b484427-8f80-45f1-a60b-a77841c3e588,P-2DB0DA1D0E,5,D,3,1,5,2026-09-17T12:39:23,2026-09-17T18:51:11,T2,D,"A friend suggests ordering Indian food, but you are not familiar with the cuisine. How do you respond during the conversation?",low,Neutral Engagement Agent,small,google/gemma-3-4b-it,0,complete
51589d92-8ff0-4b60-95fc-6cf67adce36e,P-2DB0DA1D0E,6,D,3,2,5,2026-09-17T12:39:23,2026-09-17T18:54:13,T2,B,"A friend suggests ordering Chinese food, but you are not familiar with the cuisine. How do you respond during the conversation?",low,Neutral Engagement Agent,small,google/gemma-3-4b-it,0,complete
3ad69467-a8e2-4f72-ba28-e18c4a9492bf,P-2DB0DA1D0E,7,G,4,1,5,2026-09-17T12:39:23,2026-09-17T18:59:00,T2,D,"A friend suggests ordering Indian food, but you are not familiar with the cuisine. How do you respond during the conversation?",low,Neutral Engagement Agent,medium,google/gemma-4-31b-it,1,complete
e4e61a45-35f6-489b-8164-542f1f119c6b,P-2DB0DA1D0E,8,G,4,2,5,2026-09-17T12:39:23,2026-09-17T19:02:01,T2,B,"A friend suggests ordering Chinese food, but you are not familiar with the cuisine. How do you respond during the conversation?",low,Neutral Engagement Agent,medium,google/gemma-4-31b-it,1,complete
4d91ad16-3cd5-4163-b23f-ff1efc58cb32,P-2DB0DA1D0E,9,C,5,1,5,2026-09-17T12:39:23,2026-09-18T07:55:38,T2,B,"A friend suggests ordering Chinese food, but you are not familiar with the cuisine. How do you respond during the conversation?",low,Neutral Engagement Agent,small,google/gemma-3-4b-it,1,complete
8093a953-2df9-4065-b695-8e9f6ca973e3,P-2DB0DA1D0E,10,C,5,2,5,2026-09-17T12:39:23,2026-09-18T07:59:47,T2,D,"A friend suggests ordering Indian food, but you are not familiar with the cuisine. How do you respond during the conversation?",low,Neutral Engagement Agent,small,google/gemma-3-4b-it,1,complete
b81e9ed7-4f31-4ace-9c64-b69d1a70cc94,P-2DB0DA1D0E,11,H,6,1,5,2026-09-17T12:39:23,2026-09-18T08:03:03,T2,B,"A friend suggests ordering Chinese food, but you are not familiar with the cuisine. How do you respond during the conversation?",low,Neutral Engagement Agent,medium,google/gemma-4-31b-it,0,complete
1e32d4c5-7f0b-45b2-9101-c3c2bfcde957,P-2DB0DA1D0E,12,H,6,2,5,2026-09-17T12:39:23,2026-09-18T08:06:07,T2,D,"A friend suggests ordering Indian food, but you are not familiar with the cuisine. How do you respond during the conversation?",low,Neutral Engagement Agent,medium,google/gemma-4-31b-it,0,complete
36091ab3-7be0-43ac-8438-260ed8e57584,P-2DB0DA1D0E,13,B,7,1,5,2026-09-17T12:39:23,2026-09-18T08:09:53,T8,B,You are considering a weekend getaway within Greece. What factors influence your destination choice?,high,Neutral Engagement Agent,small,google/gemma-3-4b-it,0,complete
afc7cb8f-9b35-448f-8b18-d3d1e7f9653b,P-2DB0DA1D0E,14,B,7,2,5,2026-09-17T12:39:23,2026-09-18T08:14:52,T8,A,"You are considering a short trip to another region of Greece. What kind of experience are you looking for, and how do you decide?",high,Neutral Engagement Agent,small,google/gemma-3-4b-it,0,complete
22e690ad-66cb-481f-8bab-829dc3f4c525,P-2DB0DA1D0E,15,A,8,1,5,2026-09-17T12:39:23,2026-09-18T08:18:20,T8,B,You are considering a weekend getaway within Greece. What factors influence your destination choice?,high,Neutral Engagement Agent,small,google/gemma-3-4b-it,1,complete
95e90874-ddff-4b39-91a7-60e433098574,P-2DB0DA1D0E,16,A,8,2,5,2026-09-17T12:39:23,2026-09-18T08:20:47,T8,A,"You are considering a short trip to another region of Greece. What kind of experience are you looking for, and how do you decide?",high,Neutral Engagement Agent,small,google/gemma-3-4b-it,1,complete
48642a3f-359f-488c-9f5b-75b6a2bab7ec,P-41FE7B6C8E,1,G,1,1,7,2026-09-20T11:13:21,2026-09-20T11:19:30,T8,C,You have a few free days and are thinking about visiting a place in Greece you have never been before. How do you choose where to go?,low,Neutral Engagement Agent,medium,google/gemma-4-31b-it,1,complete
547c81d0-785f-4d2d-a284-e935b1332a47,P-41FE7B6C8E,2,G,1,2,7,2026-09-20T11:13:21,2026-09-20T11:42:45,T8,A,"You are considering a short trip to another region of Greece. What kind of experience are you looking for, and how do you decide?",low,Neutral Engagement Agent,medium,google/gemma-4-31b-it,1,complete
158d9c05-ac19-4b1d-8f53-59e0156950b8,P-41FE7B6C8E,3,H,2,1,7,2026-09-20T11:13:21,2026-09-20T11:49:42,T8,A,"You are considering a short trip to another region of Greece. What kind of experience are you looking for, and how do you decide?",low,Neutral Engagement Agent,medium,google/gemma-4-31b-it,0,complete
a60ea790-c49f-41e1-8e30-9f825e8d0ce5,P-41FE7B6C8E,4,H,2,2,7,2026-09-20T11:13:21,2026-09-20T11:54:06,T8,C,You have a few free days and are thinking about visiting a place in Greece you have never been before. How do you choose where to go?,low,Neutral Engagement Agent,medium,google/gemma-4-31b-it,0,complete
20bb8e74-79f5-4071-a628-62394c972155,P-41FE7B6C8E,5,F,3,1,7,2026-09-20T11:13:21,2026-09-20T12:04:39,T6,C,"You receive an online order, but the delivery arrives much later than expected. How do you typically react?",high,Neutral Engagement Agent,medium,google/gemma-4-31b-it,0,complete
a26c8d6a-8ecf-42e0-a509-5697e61464b1,P-41FE7B6C8E,6,F,3,2,7,2026-09-20T11:13:21,2026-09-20T12:09:31,T6,B,"You receive an online order, but one of the products arrives damaged. How do you typically handle the situation?",high,Neutral Engagement Agent,medium,google/gemma-4-31b-it,0,complete
70cf19cf-4031-495c-82a5-9e30e63eff25,P-41FE7B6C8E,7,A,4,1,7,2026-09-20T11:13:21,2026-09-20T12:14:08,T6,C,"You receive an online order, but the delivery arrives much later than expected. How do you typically react?",high,Neutral Engagement Agent,small,google/gemma-3-4b-it,1,complete
cc7a8963-fc61-4cd5-9615-903ea975e0be,P-41FE7B6C8E,8,A,4,2,7,2026-09-20T11:13:21,2026-09-20T12:17:38,T6,B,"You receive an online order, but one of the products arrives damaged. How do you typically handle the situation?",high,Neutral Engagement Agent,small,google/gemma-3-4b-it,1,complete
ddf2c467-8347-4034-a76c-ff2f4769ea1b,P-41FE7B6C8E,9,E,5,1,7,2026-09-20T11:13:21,2026-09-20T12:22:29,T6,C,"You receive an online order, but the delivery arrives much later than expected. How do you typically react?",high,Neutral Engagement Agent,medium,google/gemma-4-31b-it,1,complete
32c78a32-27b5-4e27-9de5-9cf8e15be0e4,P-41FE7B6C8E,10,E,5,2,7,2026-09-20T11:13:21,2026-09-20T12:27:04,T6,B,"You receive an online order, but one of the products arrives damaged. How do you typically handle the situation?",high,Neutral Engagement Agent,medium,google/gemma-4-31b-it,1,complete
904a173b-57ee-418f-ae55-10b660c5eabb,P-41FE7B6C8E,11,B,6,1,7,2026-09-20T11:13:21,2026-09-20T12:47:32,T6,C,"You receive an online order, but the delivery arrives much later than expected. How do you typically react?",high,Neutral Engagement Agent,small,google/gemma-3-4b-it,0,complete
1e268c99-b9d1-4ce2-80f2-6099806861a5,P-41FE7B6C8E,12,B,6,2,7,2026-09-20T11:13:21,2026-09-20T12:51:13,T6,B,"You receive an online order, but one of the products arrives damaged. How do you typically handle the situation?",high,Neutral Engagement Agent,small,google/gemma-3-4b-it,0,complete
632f3e70-edce-42d1-8972-4ed2559190f5,P-41FE7B6C8E,13,D,7,1,7,2026-09-20T11:13:21,2026-09-20T12:55:37,T8,A,"You are considering a short trip to another region of Greece. What kind of experience are you looking for, and how do you decide?",low,Neutral Engagement Agent,small,google/gemma-3-4b-it,0,complete
63002d1c-9ab2-4300-90f6-20514c4f2845,P-41FE7B6C8E,14,D,7,2,7,2026-09-20T11:13:21,2026-09-20T13:00:00,T8,C,You have a few free days and are thinking about visiting a place in Greece you have never been before. How do you choose where to go?,low,Neutral Engagement Agent,small,google/gemma-3-4b-it,0,complete
bf12adc9-6206-4dc7-bfd7-db540e3bc125,P-41FE7B6C8E,15,C,8,1,7,2026-09-20T11:13:21,2026-09-20T13:03:09,T8,C,You have a few free days and are thinking about visiting a place in Greece you have never been before. How do you choose where to go?,low,Neutral Engagement Agent,small,google/gemma-3-4b-it,1,complete
ca9d5c43-4dee-4b72-a115-100d21158992,P-41FE7B6C8E,16,C,8,2,7,2026-09-20T11:13:21,2026-09-20T13:06:37,T8,A,"You are considering a short trip to another region of Greece. What kind of experience are you looking for, and how do you decide?",low,Neutral Engagement Agent,small,google/gemma-3-4b-it,1,complete
9224d3ed-2ed2-4685-964c-b0cfc485e948,P-44138CFA98,1,H,1,1,8,2026-09-19T07:11:27,2026-09-19T07:16:13,T4,A,Think about a typical weekday morning before leaving for work or university. How does that routine usually unfold?,low,Neutral Engagement Agent,medium,google/gemma-4-31b-it,0,complete
be121571-15e8-4a96-9ded-3b60d91847a3,P-44138CFA98,2,H,1,2,8,2026-09-19T07:11:27,2026-09-19T07:20:00,T4,B,Think about a typical weekday evening after returning from work or university. How do you usually spend that time?,low,Neutral Engagement Agent,medium,google/gemma-4-31b-it,0,complete
b8f7c864-5b0d-4022-9c3a-c2deda319e09,P-44138CFA98,3,A,2,1,8,2026-09-19T07:11:27,2026-09-19T07:24:08,T3,D,"You are browsing products on an online marketplace (e.g., Skroutz) and want to place an order. Two shops offer very similar prices, but one includes free shipping. Which shop do you choose, and what factors influence your decision?",high,Neutral Engagement Agent,small,google/gemma-3-4b-it,1,complete
93fe5d1d-83be-47e7-b6dd-f61a2332dca7,P-44138CFA98,4,A,2,2,8,2026-09-19T07:11:27,2026-09-19T16:47:14,T3,B,"You are browsing products on an online marketplace (e.g., Skroutz) and want to place an order. Several shops offer the same product. Two shops have identical ratings but different delivery times. Which shop do you choose, and why?",high,Neutral Engagement Agent,small,google/gemma-3-4b-it,1,complete
e9a3cfd5-2a6c-4445-8934-387991e2b346,P-44138CFA98,5,G,3,1,8,2026-09-19T07:11:27,2026-09-19T16:51:36,T4,A,Think about a typical weekday morning before leaving for work or university. How does that routine usually unfold?,low,Neutral Engagement Agent,medium,google/gemma-4-31b-it,1,complete
74304f8d-1d7d-4fc4-8bc2-f8a5044973e8,P-44138CFA98,6,G,3,2,8,2026-09-19T07:11:27,2026-09-19T16:55:53,T4,B,Think about a typical weekday evening after returning from work or university. How do you usually spend that time?,low,Neutral Engagement Agent,medium,google/gemma-4-31b-it,1,complete
adc4bdb8-cdc4-4621-9b0c-7f5cfb9c1a78,P-44138CFA98,7,B,4,1,8,2026-09-19T07:11:27,2026-09-19T17:00:28,T3,D,"You are browsing products on an online marketplace (e.g., Skroutz) and want to place an order. Two shops offer very similar prices, but one includes free shipping. Which shop do you choose, and what factors influence your decision?",high,Neutral Engagement Agent,small,google/gemma-3-4b-it,0,complete
ec325b46-d013-415f-aea5-55623a0656b3,P-44138CFA98,8,B,4,2,8,2026-09-19T07:11:27,2026-09-19T17:02:12,T3,B,"You are browsing products on an online marketplace (e.g., Skroutz) and want to place an order. Several shops offer the same product. Two shops have identical ratings but different delivery times. Which shop do you choose, and why?",high,Neutral Engagement Agent,small,google/gemma-3-4b-it,0,complete
f4efc0b5-9002-4569-824b-fcbe34064274,P-44138CFA98,9,F,5,1,8,2026-09-19T07:11:27,2026-09-19T18:06:46,T3,B,"You are browsing products on an online marketplace (e.g., Skroutz) and want to place an order. Several shops offer the same product. Two shops have identical ratings but different delivery times. Which shop do you choose, and why?",high,Neutral Engagement Agent,medium,google/gemma-4-31b-it,0,complete
e44739e8-5e9a-4bed-a678-6fbb07f94629,P-44138CFA98,10,F,5,2,8,2026-09-19T07:11:27,2026-09-19T18:12:12,T3,D,"You are browsing products on an online marketplace (e.g., Skroutz) and want to place an order. Two shops offer very similar prices, but one includes free shipping. Which shop do you choose, and what factors influence your decision?",high,Neutral Engagement Agent,medium,google/gemma-4-31b-it,0,complete
6909eca8-1cfb-4b45-999f-58f6f6c0bf8e,P-44138CFA98,11,C,6,1,8,2026-09-19T07:11:27,2026-09-19T18:14:49,T4,A,Think about a typical weekday morning before leaving for work or university. How does that routine usually unfold?,low,Neutral Engagement Agent,small,google/gemma-3-4b-it,1,complete
ce5372c1-e4b0-4882-91a1-380b2d155047,P-44138CFA98,12,C,6,2,8,2026-09-19T07:11:27,2026-09-19T18:16:40,T4,B,Think about a typical weekday evening after returning from work or university. How do you usually spend that time?,low,Neutral Engagement Agent,small,google/gemma-3-4b-it,1,complete
cebc6689-b3eb-4a07-8da1-3f39b9826127,P-44138CFA98,13,E,7,1,8,2026-09-19T07:11:27,2026-09-19T18:21:15,T3,D,"You are browsing products on an online marketplace (e.g., Skroutz) and want to place an order. Two shops offer very similar prices, but one includes free shipping. Which shop do you choose, and what factors influence your decision?",high,Neutral Engagement Agent,medium,google/gemma-4-31b-it,1,complete
7b1a9da6-6d7a-4356-9eab-43ef3c201af1,P-44138CFA98,14,E,7,2,8,2026-09-19T07:11:27,2026-09-19T18:25:05,T3,B,"You are browsing products on an online marketplace (e.g., Skroutz) and want to place an order. Several shops offer the same product. Two shops have identical ratings but different delivery times. Which shop do you choose, and why?",high,Neutral Engagement Agent,medium,google/gemma-4-31b-it,1,complete
dbf6766d-9a04-461e-bc59-0044cc86037f,P-44138CFA98,15,D,8,1,8,2026-09-19T07:11:27,2026-09-19T18:27:26,T4,A,Think about a typical weekday morning before leaving for work or university. How does that routine usually unfold?,low,Neutral Engagement Agent,small,google/gemma-3-4b-it,0,complete
bcc1c60d-d19a-45a9-af2c-fd39b1e4bceb,P-44138CFA98,16,D,8,2,8,2026-09-19T07:11:27,2026-09-19T18:43:52,T4,B,Think about a typical weekday evening after returning from work or university. How do you usually spend that time?,low,Neutral Engagement Agent,small,google/gemma-3-4b-it,0,complete
bda8893e-bc23-4acb-a7b8-ec8cda7a8307,P-482AABB718,1,C,1,1,3,2026-09-15T12:44:45,2026-09-15T18:22:47,T4,A,Think about a typical weekday morning before leaving for work or university. How does that routine usually unfold?,low,Neutral Engagement Agent,small,google/gemma-3-4b-it,1,complete
cbdb663f-c231-482f-8a37-a76620fd7007,P-482AABB718,2,C,1,2,3,2026-09-15T12:44:45,2026-09-15T18:25:10,T4,B,Think about a typical weekday evening after returning from work or university. How do you usually spend that time?,low,Neutral Engagement Agent,small,google/gemma-3-4b-it,1,complete
8726895a-87cf-4184-b683-3f16a0a9ab0a,P-482AABB718,3,D,2,1,3,2026-09-15T12:44:45,2026-09-15T18:29:57,T4,B,Think about a typical weekday evening after returning from work or university. How do you usually spend that time?,low,Neutral Engagement Agent,small,google/gemma-3-4b-it,0,complete
ecee712d-691e-43ad-b102-afc0b1183889,P-482AABB718,4,D,2,2,3,2026-09-15T12:44:45,2026-09-15T18:46:37,T4,A,Think about a typical weekday morning before leaving for work or university. How does that routine usually unfold?,low,Neutral Engagement Agent,small,google/gemma-3-4b-it,0,complete
33ad0f17-eeed-42b1-9786-d601d92dbf95,P-482AABB718,5,B,3,1,3,2026-09-15T12:44:45,2026-09-15T18:50:31,T5,B,"After completing a demanding task or exam, you finally have some free time. How do you usually relax?",high,Neutral Engagement Agent,small,google/gemma-3-4b-it,0,complete
8f7207da-dc3f-4412-9b6b-90ed4daedc5f,P-482AABB718,6,B,3,2,3,2026-09-15T12:44:45,2026-09-15T18:55:35,T5,A,"After a long and tiring day, you return home with no immediate obligations. How do you usually spend that time?",high,Neutral Engagement Agent,small,google/gemma-3-4b-it,0,complete
1190bf41-27f4-4277-9966-33c4bf150fa2,P-482AABB718,7,E,4,1,3,2026-09-15T12:44:45,2026-09-15T19:00:38,T5,B,"After completing a demanding task or exam, you finally have some free time. How do you usually relax?",high,Neutral Engagement Agent,medium,google/gemma-4-31b-it,1,complete
b3ee33c2-85e3-455e-8907-900eb70e4e8f,P-482AABB718,8,E,4,2,3,2026-09-15T12:44:45,2026-09-15T19:03:52,T5,A,"After a long and tiring day, you return home with no immediate obligations. How do you usually spend that time?",high,Neutral Engagement Agent,medium,google/gemma-4-31b-it,1,complete
55354ad4-3a58-4166-81a2-da7515337603,P-482AABB718,9,A,5,1,3,2026-09-15T12:44:45,2026-09-15T19:06:46,T5,A,"After a long and tiring day, you return home with no immediate obligations. How do you usually spend that time?",high,Neutral Engagement Agent,small,google/gemma-3-4b-it,1,complete
07ae710c-6ca7-4f8e-81f4-a4bcc23cbb55,P-482AABB718,10,A,5,2,3,2026-09-15T12:44:45,2026-09-15T19:55:03,T5,B,"After completing a demanding task or exam, you finally have some free time. How do you usually relax?",high,Neutral Engagement Agent,small,google/gemma-3-4b-it,1,complete
2e7f012c-50fd-4d49-bdab-6620411b721f,P-482AABB718,11,F,6,1,3,2026-09-15T12:44:45,2026-09-15T19:59:17,T5,B,"After completing a demanding task or exam, you finally have some free time. How do you usually relax?",high,Neutral Engagement Agent,medium,google/gemma-4-31b-it,0,complete
f6fd2c90-1492-473a-b3ee-a1829db1903f,P-482AABB718,12,F,6,2,3,2026-09-15T12:44:45,2026-09-15T20:02:23,T5,A,"After a long and tiring day, you return home with no immediate obligations. How do you usually spend that time?",high,Neutral Engagement Agent,medium,google/gemma-4-31b-it,0,complete
d31f9a6a-b5bf-4e19-bb29-62c2890fa663,P-482AABB718,13,H,7,1,3,2026-09-15T12:44:45,2026-09-15T20:07:49,T4,B,Think about a typical weekday evening after returning from work or university. How do you usually spend that time?,low,Neutral Engagement Agent,medium,google/gemma-4-31b-it,0,complete
7e01d3af-48f4-407f-9dc9-7c648b2efcec,P-482AABB718,14,H,7,2,3,2026-09-15T12:44:45,2026-09-15T20:14:30,T4,A,Think about a typical weekday morning before leaving for work or university. How does that routine usually unfold?,low,Neutral Engagement Agent,medium,google/gemma-4-31b-it,0,complete
3c81d34c-f4df-4587-90f0-51cd5209dd1d,P-482AABB718,15,G,8,1,3,2026-09-15T12:44:45,2026-09-15T20:21:27,T4,B,Think about a typical weekday evening after returning from work or university. How do you usually spend that time?,low,Neutral Engagement Agent,medium,google/gemma-4-31b-it,1,complete
d5e96027-aadf-483d-9928-f89554d05de7,P-482AABB718,16,G,8,2,3,2026-09-15T12:44:45,2026-09-15T20:27:02,T4,A,Think about a typical weekday morning before leaving for work or university. How does that routine usually unfold?,low,Neutral Engagement Agent,medium,google/gemma-4-31b-it,1,complete
2d114f04-9e62-4098-915c-2bfa96c64f9c,P-4CD2E82E33,1,G,1,1,7,2026-09-15T19:35:06,2026-09-15T19:38:50,T3,C,"You are browsing products on an online marketplace (e.g., Skroutz) and want to place an order. One shop has a slightly lower price, while another has many more customer reviews. Which shop do you choose, and why?",low,Neutral Engagement Agent,medium,google/gemma-4-31b-it,1,complete
15f00c5f-1499-4cbc-bbe4-61e03f8bf1d5,P-4CD2E82E33,2,G,1,2,7,2026-09-15T19:35:06,2026-09-15T19:43:09,T3,B,"You are browsing products on an online marketplace (e.g., Skroutz) and want to place an order. Several shops offer the same product. Two shops have identical ratings but different delivery times. Which shop do you choose, and why?",low,Neutral Engagement Agent,medium,google/gemma-4-31b-it,1,complete
06f04012-b566-438c-8e2e-8ab18d27617f,P-4CD2E82E33,3,H,2,1,7,2026-09-15T19:35:06,2026-09-15T19:46:02,T3,B,"You are browsing products on an online marketplace (e.g., Skroutz) and want to place an order. Several shops offer the same product. Two shops have identical ratings but different delivery times. Which shop do you choose, and why?",low,Neutral Engagement Agent,medium,google/gemma-4-31b-it,0,complete
6cf0f484-1922-49a9-bb48-cf5f5d353e44,P-4CD2E82E33,4,H,2,2,7,2026-09-15T19:35:06,2026-09-15T19:48:54,T3,C,"You are browsing products on an online marketplace (e.g., Skroutz) and want to place an order. One shop has a slightly lower price, while another has many more customer reviews. Which shop do you choose, and why?",low,Neutral Engagement Agent,medium,google/gemma-4-31b-it,0,complete
b354d983-b3f6-4382-91c0-d826298d361d,P-4CD2E82E33,5,F,3,1,7,2026-09-15T19:35:06,2026-09-16T06:46:34,T2,C,"A friend suggests ordering Lebanese food, but you are not familiar with the cuisine. How do you respond during the conversation?",high,Neutral Engagement Agent,medium,google/gemma-4-31b-it,0,complete
8bcc4142-9d31-4a4c-84dc-fcbfb8a99ce6,P-4CD2E82E33,6,F,3,2,7,2026-09-15T19:35:06,2026-09-16T06:50:29,T2,B,"A friend suggests ordering Chinese food, but you are not familiar with the cuisine. How do you respond during the conversation?",high,Neutral Engagement Agent,medium,google/gemma-4-31b-it,0,complete
49e14ef1-55a1-4a2a-a2b9-d76f40e44d62,P-4CD2E82E33,7,A,4,1,7,2026-09-15T19:35:06,2026-09-16T06:59:37,T2,B,"A friend suggests ordering Chinese food, but you are not familiar with the cuisine. How do you respond during the conversation?",high,Neutral Engagement Agent,small,google/gemma-3-4b-it,1,complete
07eb80d3-600b-4914-bf38-02316ef1431c,P-4CD2E82E33,8,A,4,2,7,2026-09-15T19:35:06,2026-09-16T07:07:17,T2,C,"A friend suggests ordering Lebanese food, but you are not familiar with the cuisine. How do you respond during the conversation?",high,Neutral Engagement Agent,small,google/gemma-3-4b-it,1,complete
29bda023-911e-4d48-8124-826151032ddd,P-4CD2E82E33,9,E,5,1,7,2026-09-15T19:35:06,2026-09-16T07:17:16,T2,B,"A friend suggests ordering Chinese food, but you are not familiar with the cuisine. How do you respond during the conversation?",high,Neutral Engagement Agent,medium,google/gemma-4-31b-it,1,complete
36bdca91-4d39-47c7-b1cb-3ff536b9d10e,P-4CD2E82E33,10,E,5,2,7,2026-09-15T19:35:06,2026-09-16T07:24:20,T2,C,"A friend suggests ordering Lebanese food, but you are not familiar with the cuisine. How do you respond during the conversation?",high,Neutral Engagement Agent,medium,google/gemma-4-31b-it,1,complete
e4d6c7a3-c304-4020-a659-a97b7d909108,P-4CD2E82E33,11,B,6,1,7,2026-09-15T19:35:06,2026-09-16T07:28:24,T2,C,"A friend suggests ordering Lebanese food, but you are not familiar with the cuisine. How do you respond during the conversation?",high,Neutral Engagement Agent,small,google/gemma-3-4b-it,0,complete
bcca6af8-3c67-40a3-abac-aac0c572b96c,P-4CD2E82E33,12,B,6,2,7,2026-09-15T19:35:06,2026-09-16T10:46:15,T2,B,"A friend suggests ordering Chinese food, but you are not familiar with the cuisine. How do you respond during the conversation?",high,Neutral Engagement Agent,small,google/gemma-3-4b-it,0,complete
65d76ca4-8ebb-40d0-9e8b-c3f41270b491,P-4CD2E82E33,13,D,7,1,7,2026-09-15T19:35:06,2026-09-16T10:49:58,T3,B,"You are browsing products on an online marketplace (e.g., Skroutz) and want to place an order. Several shops offer the same product. Two shops have identical ratings but different delivery times. Which shop do you choose, and why?",low,Neutral Engagement Agent,small,google/gemma-3-4b-it,0,complete
de099f82-d307-4c33-ac8a-5943d0c3c9a1,P-4CD2E82E33,14,D,7,2,7,2026-09-15T19:35:06,2026-09-16T10:54:32,T3,C,"You are browsing products on an online marketplace (e.g., Skroutz) and want to place an order. One shop has a slightly lower price, while another has many more customer reviews. Which shop do you choose, and why?",low,Neutral Engagement Agent,small,google/gemma-3-4b-it,0,complete
5adead12-8251-4faf-a951-69355bfbc343,P-4CD2E82E33,15,C,8,1,7,2026-09-15T19:35:06,2026-09-16T10:59:06,T3,C,"You are browsing products on an online marketplace (e.g., Skroutz) and want to place an order. One shop has a slightly lower price, while another has many more customer reviews. Which shop do you choose, and why?",low,Neutral Engagement Agent,small,google/gemma-3-4b-it,1,complete
7f3c7583-8213-41a0-88cf-8e2c883e5ddf,P-4CD2E82E33,16,C,8,2,7,2026-09-15T19:35:06,2026-09-16T11:02:14,T3,B,"You are browsing products on an online marketplace (e.g., Skroutz) and want to place an order. Several shops offer the same product. Two shops have identical ratings but different delivery times. Which shop do you choose, and why?",low,Neutral Engagement Agent,small,google/gemma-3-4b-it,1,complete
7a0c2ad6-24fd-47f9-ae9f-de55f2ffa266,P-624C8AC269,1,F,1,1,6,2026-09-18T09:35:49,2026-09-18T09:44:30,T7,A,You are planning a small gathering at home with friends. How do you organize it so that everything runs smoothly?,high,Neutral Engagement Agent,medium,google/gemma-4-31b-it,0,complete
a3e89305-af73-490d-85cf-c9dae70e6373,P-624C8AC269,2,F,1,2,6,2026-09-18T09:35:49,2026-09-18T09:49:29,T7,B,You are planning a casual dinner with a few friends. How do you prepare and organize the event?,high,Neutral Engagement Agent,medium,google/gemma-4-31b-it,0,complete
c61b1459-2f72-445f-803a-4252f4a16867,P-624C8AC269,3,G,2,1,6,2026-09-18T09:35:49,2026-09-18T09:53:29,T1,C,"You are at a supermarket in Greece, choosing cheese. You notice both branded options and supermarket own brands. What factors do you consider before deciding?",low,Neutral Engagement Agent,medium,google/gemma-4-31b-it,1,complete
23ded81d-9872-448f-9c47-c3b3523c6c48,P-624C8AC269,4,G,2,2,6,2026-09-18T09:35:49,2026-09-18T09:57:33,T1,B,"You are at a supermarket in Greece, choosing meat. You notice both branded options and supermarket own brands. What factors do you consider before deciding?",low,Neutral Engagement Agent,medium,google/gemma-4-31b-it,1,complete
1201b00e-25bd-492d-9e34-2e0755776e70,P-624C8AC269,5,E,3,1,6,2026-09-18T09:35:49,2026-09-18T10:04:41,T7,A,You are planning a small gathering at home with friends. How do you organize it so that everything runs smoothly?,high,Neutral Engagement Agent,medium,google/gemma-4-31b-it,1,complete
bc3b32b6-60dc-4234-ab08-88feb4393114,P-624C8AC269,6,E,3,2,6,2026-09-18T09:35:49,2026-09-18T10:08:32,T7,B,You are planning a casual dinner with a few friends. How do you prepare and organize the event?,high,Neutral Engagement Agent,medium,google/gemma-4-31b-it,1,complete
75c72f83-8ee2-4e12-b72a-93d7fc015866,P-624C8AC269,7,H,4,1,6,2026-09-18T09:35:49,2026-09-18T10:12:17,T1,B,"You are at a supermarket in Greece, choosing meat. You notice both branded options and supermarket own brands. What factors do you consider before deciding?",low,Neutral Engagement Agent,medium,google/gemma-4-31b-it,0,complete
ef3a71bf-0564-4ad1-b72c-4056c22dc40c,P-624C8AC269,8,H,4,2,6,2026-09-18T09:35:49,2026-09-18T10:16:24,T1,C,"You are at a supermarket in Greece, choosing cheese. You notice both branded options and supermarket own brands. What factors do you consider before deciding?",low,Neutral Engagement Agent,medium,google/gemma-4-31b-it,0,complete
45be5808-a85e-489d-9d83-2fe68dd53b48,P-624C8AC269,9,D,5,1,6,2026-09-18T09:35:49,2026-09-18T14:23:40,T1,B,"You are at a supermarket in Greece, choosing meat. You notice both branded options and supermarket own brands. What factors do you consider before deciding?",low,Neutral Engagement Agent,small,google/gemma-3-4b-it,0,complete
fc3d3057-a041-42e9-9d7f-2b8ab4cc4922,P-624C8AC269,10,D,5,2,6,2026-09-18T09:35:49,2026-09-18T14:26:08,T1,C,"You are at a supermarket in Greece, choosing cheese. You notice both branded options and supermarket own brands. What factors do you consider before deciding?",low,Neutral Engagement Agent,small,google/gemma-3-4b-it,0,complete
23cc4e14-f65c-4b43-a0d0-bd23fc9a915c,P-624C8AC269,11,A,6,1,6,2026-09-18T09:35:49,2026-09-18T14:30:07,T7,A,You are planning a small gathering at home with friends. How do you organize it so that everything runs smoothly?,high,Neutral Engagement Agent,small,google/gemma-3-4b-it,1,complete
4cf19d34-9862-43d1-bcdf-34ec9209199f,P-624C8AC269,12,A,6,2,6,2026-09-18T09:35:49,2026-09-18T14:32:19,T7,B,You are planning a casual dinner with a few friends. How do you prepare and organize the event?,high,Neutral Engagement Agent,small,google/gemma-3-4b-it,1,complete
5ff5a65b-dbc0-4d6c-9ae1-3e4a034b475c,P-624C8AC269,13,C,7,1,6,2026-09-18T09:35:49,2026-09-18T14:34:57,T1,C,"You are at a supermarket in Greece, choosing cheese. You notice both branded options and supermarket own brands. What factors do you consider before deciding?",low,Neutral Engagement Agent,small,google/gemma-3-4b-it,1,complete
66a7d66d-d0ab-40d4-b080-eab02c6282ab,P-624C8AC269,14,C,7,2,6,2026-09-18T09:35:49,2026-09-18T14:38:01,T1,B,"You are at a supermarket in Greece, choosing meat. You notice both branded options and supermarket own brands. What factors do you consider before deciding?",low,Neutral Engagement Agent,small,google/gemma-3-4b-it,1,complete
1150f561-ab10-47ee-8f5f-9ec58724134e,P-624C8AC269,15,B,8,1,6,2026-09-18T09:35:49,2026-09-18T14:40:44,T7,A,You are planning a small gathering at home with friends. How do you organize it so that everything runs smoothly?,high,Neutral Engagement Agent,small,google/gemma-3-4b-it,0,complete
83595cf1-2e12-433b-9889-93c64e9fe0cf,P-624C8AC269,16,B,8,2,6,2026-09-18T09:35:49,2026-09-18T14:42:47,T7,B,You are planning a casual dinner with a few friends. How do you prepare and organize the event?,high,Neutral Engagement Agent,small,google/gemma-3-4b-it,0,complete
6e5fa9a4-cb5e-4892-b97c-6ddebc92f2f5,P-645F09EEB6,1,B,1,1,2,2026-09-20T08:47:43,2026-09-20T08:51:13,T4,A,Think about a typical weekday morning before leaving for work or university. How does that routine usually unfold?,high,Neutral Engagement Agent,small,google/gemma-3-4b-it,0,complete
548d1e21-78b7-44d8-a349-ed05de0948a2,P-645F09EEB6,2,B,1,2,2,2026-09-20T08:47:43,2026-09-20T08:54:00,T4,B,Think about a typical weekday evening after returning from work or university. How do you usually spend that time?,high,Neutral Engagement Agent,small,google/gemma-3-4b-it,0,complete
023b9e7c-a234-4ab9-924f-478ec106cece,P-645F09EEB6,3,C,2,1,2,2026-09-20T08:47:43,2026-09-20T08:57:05,T8,B,You are considering a weekend getaway within Greece. What factors influence your destination choice?,low,Neutral Engagement Agent,small,google/gemma-3-4b-it,1,complete
1d97cfc6-f543-4d9d-9280-c7dbef402a04,P-645F09EEB6,4,C,2,2,2,2026-09-20T08:47:43,2026-09-20T09:00:09,T8,C,You have a few free days and are thinking about visiting a place in Greece you have never been before. How do you choose where to go?,low,Neutral Engagement Agent,small,google/gemma-3-4b-it,1,complete
2c7a151d-0d00-4565-9dbe-727b698d90c6,P-645F09EEB6,5,A,3,1,2,2026-09-20T08:47:43,2026-09-20T09:03:13,T4,B,Think about a typical weekday evening after returning from work or university. How do you usually spend that time?,high,Neutral Engagement Agent,small,google/gemma-3-4b-it,1,complete
b86643fd-606f-4148-95a0-ca6be25a24c6,P-645F09EEB6,6,A,3,2,2,2026-09-20T08:47:43,2026-09-20T09:05:20,T4,A,Think about a typical weekday morning before leaving for work or university. How does that routine usually unfold?,high,Neutral Engagement Agent,small,google/gemma-3-4b-it,1,complete
45d376fe-01ee-4dd6-b017-bdb3bc8131f9,P-645F09EEB6,7,D,4,1,2,2026-09-20T08:47:43,2026-09-20T09:08:05,T8,C,You have a few free days and are thinking about visiting a place in Greece you have never been before. How do you choose where to go?,low,Neutral Engagement Agent,small,google/gemma-3-4b-it,0,complete
43e8331b-f6ef-4d26-af9b-c4d97b3f31b6,P-645F09EEB6,8,D,4,2,2,2026-09-20T08:47:43,2026-09-20T09:10:22,T8,B,You are considering a weekend getaway within Greece. What factors influence your destination choice?,low,Neutral Engagement Agent,small,google/gemma-3-4b-it,0,complete
6175ac2e-de82-4319-9e2e-dd936f3fa7e2,P-645F09EEB6,9,H,5,1,2,2026-09-20T08:47:43,2026-09-20T09:15:10,T8,B,You are considering a weekend getaway within Greece. What factors influence your destination choice?,low,Neutral Engagement Agent,medium,google/gemma-4-31b-it,0,complete
c7cd03a1-fb59-4493-8436-e01592992109,P-645F09EEB6,10,H,5,2,2,2026-09-20T08:47:43,2026-09-20T09:21:10,T8,C,You have a few free days and are thinking about visiting a place in Greece you have never been before. How do you choose where to go?,low,Neutral Engagement Agent,medium,google/gemma-4-31b-it,0,complete
d66d2043-b814-42d6-a917-c9abe69fb72f,P-645F09EEB6,11,E,6,1,2,2026-09-20T08:47:43,2026-09-20T09:26:37,T4,A,Think about a typical weekday morning before leaving for work or university. How does that routine usually unfold?,high,Neutral Engagement Agent,medium,google/gemma-4-31b-it,1,complete
5628afec-a6bb-4f09-bca4-f984be29a72a,P-645F09EEB6,12,E,6,2,2,2026-09-20T08:47:43,2026-09-20T09:31:25,T4,B,Think about a typical weekday evening after returning from work or university. How do you usually spend that time?,high,Neutral Engagement Agent,medium,google/gemma-4-31b-it,1,complete
298fee82-c163-4f00-b23d-d248bcfd9829,P-645F09EEB6,13,G,7,1,2,2026-09-20T08:47:43,2026-09-20T09:37:00,T8,B,You are considering a weekend getaway within Greece. What factors influence your destination choice?,low,Neutral Engagement Agent,medium,google/gemma-4-31b-it,1,complete
e2f03c9c-d0bf-46b4-bf19-305b03ced3c1,P-645F09EEB6,14,G,7,2,2,2026-09-20T08:47:43,2026-09-20T09:41:44,T8,C,You have a few free days and are thinking about visiting a place in Greece you have never been before. How do you choose where to go?,low,Neutral Engagement Agent,medium,google/gemma-4-31b-it,1,complete
63ac8a11-3528-47af-82dc-2a685652b3eb,P-645F09EEB6,15,F,8,1,2,2026-09-20T08:47:43,2026-09-20T09:46:26,T4,A,Think about a typical weekday morning before leaving for work or university. How does that routine usually unfold?,high,Neutral Engagement Agent,medium,google/gemma-4-31b-it,0,complete
39c957b2-5cb4-4ef5-b31f-bb4694122c52,P-645F09EEB6,16,F,8,2,2,2026-09-20T08:47:43,2026-09-20T09:51:25,T4,B,Think about a typical weekday evening after returning from work or university. How do you usually spend that time?,high,Neutral Engagement Agent,medium,google/gemma-4-31b-it,0,complete
f84272e1-c0d3-499d-bf1d-f2f1da8d1e7f,P-6742519DE7,1,E,1,1,5,2026-09-15T16:44:05,2026-09-15T16:48:45,T5,A,"After a long and tiring day, you return home with no immediate obligations. How do you usually spend that time?",high,Neutral Engagement Agent,medium,google/gemma-4-31b-it,1,complete
45295ffb-ae04-409e-8d62-e6a64838f976,P-6742519DE7,2,E,1,2,5,2026-09-15T16:44:05,2026-09-15T16:51:40,T5,C,Imagine you unexpectedly have a free evening with nothing scheduled. How would you typically spend it?,high,Neutral Engagement Agent,medium,google/gemma-4-31b-it,1,complete
8d7ed40e-1979-45b8-80bd-302158779af9,P-6742519DE7,3,F,2,1,5,2026-09-15T16:44:05,2026-09-15T16:55:17,T5,A,"After a long and tiring day, you return home with no immediate obligations. How do you usually spend that time?",high,Neutral Engagement Agent,medium,google/gemma-4-31b-it,0,complete
179b7d88-6000-456b-a44a-7a207257f289,P-6742519DE7,4,F,2,2,5,2026-09-15T16:44:05,2026-09-15T16:58:35,T5,C,Imagine you unexpectedly have a free evening with nothing scheduled. How would you typically spend it?,high,Neutral Engagement Agent,medium,google/gemma-4-31b-it,0,complete
d79fb43d-180a-4814-ab3e-e7a52a2781e9,P-6742519DE7,5,D,3,1,5,2026-09-15T16:44:05,2026-09-15T17:02:01,T4,C,Think about a typical weekday lunch break. How do you usually spend it?,low,Neutral Engagement Agent,small,google/gemma-3-4b-it,0,complete
635de3aa-ff33-4415-8ad9-9b1ae5317ea1,P-6742519DE7,6,D,3,2,5,2026-09-15T16:44:05,2026-09-15T17:05:14,T4,A,Think about a typical weekday morning before leaving for work or university. How does that routine usually unfold?,low,Neutral Engagement Agent,small,google/gemma-3-4b-it,0,complete
fd527194-41dc-4ee8-8d1b-2c28ea819241,P-6742519DE7,7,G,4,1,5,2026-09-15T16:44:05,2026-09-15T17:07:06,T4,A,Think about a typical weekday morning before leaving for work or university. How does that routine usually unfold?,low,Neutral Engagement Agent,medium,google/gemma-4-31b-it,1,complete
ec43fe83-dbfd-4a6f-a7f7-d5e372bf5723,P-6742519DE7,8,G,4,2,5,2026-09-15T16:44:05,2026-09-15T17:10:23,T4,C,Think about a typical weekday lunch break. How do you usually spend it?,low,Neutral Engagement Agent,medium,google/gemma-4-31b-it,1,complete
89a79690-e139-422c-9c42-31dfdf72c2e7,P-6742519DE7,9,C,5,1,5,2026-09-15T16:44:05,2026-09-15T17:13:19,T4,A,Think about a typical weekday morning before leaving for work or university. How does that routine usually unfold?,low,Neutral Engagement Agent,small,google/gemma-3-4b-it,1,complete
bd14f0de-e6ca-4bc8-8290-60c1f0c2bb90,P-6742519DE7,10,C,5,2,5,2026-09-15T16:44:05,2026-09-15T17:15:35,T4,C,Think about a typical weekday lunch break. How do you usually spend it?,low,Neutral Engagement Agent,small,google/gemma-3-4b-it,1,complete
3cc10850-f5c8-4d2e-9214-aa63265ae14f,P-6742519DE7,11,H,6,1,5,2026-09-15T16:44:05,2026-09-15T17:18:22,T4,A,Think about a typical weekday morning before leaving for work or university. How does that routine usually unfold?,low,Neutral Engagement Agent,medium,google/gemma-4-31b-it,0,complete
011493d9-44f8-4c3a-9d1c-e7a2e66bd0dc,P-6742519DE7,12,H,6,2,5,2026-09-15T16:44:05,2026-09-15T17:21:25,T4,C,Think about a typical weekday lunch break. How do you usually spend it?,low,Neutral Engagement Agent,medium,google/gemma-4-31b-it,0,complete
fb911c90-395a-416c-935c-fec6213d9fe9,P-6742519DE7,13,B,7,1,5,2026-09-15T16:44:05,2026-09-15T18:02:39,T5,A,"After a long and tiring day, you return home with no immediate obligations. How do you usually spend that time?",high,Neutral Engagement Agent,small,google/gemma-3-4b-it,0,complete
10cd0746-d871-4865-a5c6-9dd9c3d27488,P-6742519DE7,14,B,7,2,5,2026-09-15T16:44:05,2026-09-15T18:06:24,T5,C,Imagine you unexpectedly have a free evening with nothing scheduled. How would you typically spend it?,high,Neutral Engagement Agent,small,google/gemma-3-4b-it,0,complete
8b7f1394-68dc-453f-8928-6bfefcc9fba6,P-6742519DE7,15,A,8,1,5,2026-09-15T16:44:05,2026-09-15T18:10:27,T5,C,Imagine you unexpectedly have a free evening with nothing scheduled. How would you typically spend it?,high,Neutral Engagement Agent,small,google/gemma-3-4b-it,1,complete
d8659984-20ca-416a-b100-c5b96bd2b661,P-6742519DE7,16,A,8,2,5,2026-09-15T16:44:05,2026-09-15T18:13:31,T5,A,"After a long and tiring day, you return home with no immediate obligations. How do you usually spend that time?",high,Neutral Engagement Agent,small,google/gemma-3-4b-it,1,complete
1c1dfe47-a9f4-4bc0-916f-ab2b4e820e03,P-6EEA879104,1,D,1,1,4,2026-09-15T09:30:10,2026-09-15T10:00:45,T7,C,You are organizing a small birthday celebration at home. How do you make sure everything is ready?,low,Neutral Engagement Agent,small,google/gemma-3-4b-it,0,complete
f53bb37d-b7e4-4df5-8db4-c1783c8d2fa9,P-6EEA879104,2,D,1,2,4,2026-09-15T09:30:10,2026-09-15T10:06:31,T7,A,You are planning a small gathering at home with friends. How do you organize it so that everything runs smoothly?,low,Neutral Engagement Agent,small,google/gemma-3-4b-it,0,complete
e117be13-b157-41fb-b968-3c10484b01e5,P-6EEA879104,3,E,2,1,4,2026-09-15T09:30:10,2026-09-15T10:14:17,T5,B,"After completing a demanding task or exam, you finally have some free time. How do you usually relax?",high,Neutral Engagement Agent,medium,google/gemma-4-31b-it,1,complete
d544f052-3d3c-4c08-b18d-3d34c66a7396,P-6EEA879104,4,E,2,2,4,2026-09-15T09:30:10,2026-09-15T10:17:15,T5,A,"After a long and tiring day, you return home with no immediate obligations. How do you usually spend that time?",high,Neutral Engagement Agent,medium,google/gemma-4-31b-it,1,complete
6d33b230-fce9-446a-9814-8cb48036a12b,P-6EEA879104,5,C,3,1,4,2026-09-15T09:30:10,2026-09-15T10:22:04,T7,A,You are planning a small gathering at home with friends. How do you organize it so that everything runs smoothly?,low,Neutral Engagement Agent,small,google/gemma-3-4b-it,1,complete
badaf59c-2287-47ab-8211-e451afbfb7a7,P-6EEA879104,6,C,3,2,4,2026-09-15T09:30:10,2026-09-15T10:25:03,T7,C,You are organizing a small birthday celebration at home. How do you make sure everything is ready?,low,Neutral Engagement Agent,small,google/gemma-3-4b-it,1,complete
88f8e62a-6872-41d4-a22d-a619d3607f32,P-6EEA879104,7,F,4,1,4,2026-09-15T09:30:10,2026-09-15T10:28:57,T5,B,"After completing a demanding task or exam, you finally have some free time. How do you usually relax?",high,Neutral Engagement Agent,medium,google/gemma-4-31b-it,0,complete
e8341ab7-80d2-4461-8308-4abcb194036e,P-6EEA879104,8,F,4,2,4,2026-09-15T09:30:10,2026-09-15T10:31:41,T5,A,"After a long and tiring day, you return home with no immediate obligations. How do you usually spend that time?",high,Neutral Engagement Agent,medium,google/gemma-4-31b-it,0,complete
5768890d-78a3-4436-8c60-7287a724ad53,P-6EEA879104,9,B,5,1,4,2026-09-15T09:30:10,2026-09-15T10:35:28,T5,A,"After a long and tiring day, you return home with no immediate obligations. How do you usually spend that time?",high,Neutral Engagement Agent,small,google/gemma-3-4b-it,0,complete
64e9aca2-7ae8-417a-8ee8-fda83983a384,P-6EEA879104,10,B,5,2,4,2026-09-15T09:30:10,2026-09-15T10:39:33,T5,B,"After completing a demanding task or exam, you finally have some free time. How do you usually relax?",high,Neutral Engagement Agent,small,google/gemma-3-4b-it,0,complete
92b9933e-1a47-46e9-84d4-3a940255b0c8,P-6EEA879104,11,G,6,1,4,2026-09-15T09:30:10,2026-09-15T10:42:22,T7,A,You are planning a small gathering at home with friends. How do you organize it so that everything runs smoothly?,low,Neutral Engagement Agent,medium,google/gemma-4-31b-it,1,complete
b2ae2521-515f-40df-84c5-906dfbc8b7d4,P-6EEA879104,12,G,6,2,4,2026-09-15T09:30:10,2026-09-15T10:44:42,T7,C,You are organizing a small birthday celebration at home. How do you make sure everything is ready?,low,Neutral Engagement Agent,medium,google/gemma-4-31b-it,1,complete
47881212-e511-4ba4-8816-9d6862b0dcf4,P-6EEA879104,13,A,7,1,4,2026-09-15T09:30:10,2026-09-15T10:47:48,T5,B,"After completing a demanding task or exam, you finally have some free time. How do you usually relax?",high,Neutral Engagement Agent,small,google/gemma-3-4b-it,1,complete
8d654587-d3cd-437e-abab-56944c16c4c4,P-6EEA879104,14,A,7,2,4,2026-09-15T09:30:10,2026-09-15T10:50:12,T5,A,"After a long and tiring day, you return home with no immediate obligations. How do you usually spend that time?",high,Neutral Engagement Agent,small,google/gemma-3-4b-it,1,complete
fb24b6f1-0a82-42ae-803c-a01d61442a0d,P-6EEA879104,15,H,8,1,4,2026-09-15T09:30:10,2026-09-15T10:54:26,T7,C,You are organizing a small birthday celebration at home. How do you make sure everything is ready?,low,Neutral Engagement Agent,medium,google/gemma-4-31b-it,0,complete
2486b744-deae-4126-b147-c3ddf183947e,P-6EEA879104,16,H,8,2,4,2026-09-15T09:30:10,2026-09-15T10:56:31,T7,A,You are planning a small gathering at home with friends. How do you organize it so that everything runs smoothly?,low,Neutral Engagement Agent,medium,google/gemma-4-31b-it,0,complete
aa443e7b-b952-4b51-b299-de5c6964cdd7,P-9E130A1DDC,1,A,1,1,1,2026-09-15T09:27:28,2026-09-15T11:01:47,T8,B,You are considering a weekend getaway within Greece. What factors influence your destination choice?,high,Neutral Engagement Agent,small,google/gemma-3-4b-it,1,complete
3b73e446-a1f5-41f2-9f6e-7112d5349026,P-9E130A1DDC,2,A,1,2,1,2026-09-15T09:27:28,2026-09-15T11:05:21,T8,A,"You are considering a short trip to another region of Greece. What kind of experience are you looking for, and how do you decide?",high,Neutral Engagement Agent,small,google/gemma-3-4b-it,1,complete
cad8e2a7-6630-4987-958f-bdd8a51a33a0,P-9E130A1DDC,3,B,2,1,1,2026-09-15T09:27:28,2026-09-15T12:13:13,T8,B,You are considering a weekend getaway within Greece. What factors influence your destination choice?,high,Neutral Engagement Agent,small,google/gemma-3-4b-it,0,complete
9fd4f677-7df2-4e43-bfbf-1ada6c4f300d,P-9E130A1DDC,4,B,2,2,1,2026-09-15T09:27:28,2026-09-15T12:15:26,T8,A,"You are considering a short trip to another region of Greece. What kind of experience are you looking for, and how do you decide?",high,Neutral Engagement Agent,small,google/gemma-3-4b-it,0,complete
5999d57b-b8f2-4207-ac20-95a438600e07,P-9E130A1DDC,5,H,3,1,1,2026-09-15T09:27:28,2026-09-15T12:17:46,T6,B,"You receive an online order, but one of the products arrives damaged. How do you typically handle the situation?",low,Neutral Engagement Agent,medium,google/gemma-4-31b-it,0,complete
e0726d16-9aa8-4fea-a20a-e2bb63fd6ad6,P-9E130A1DDC,6,H,3,2,1,2026-09-15T09:27:28,2026-09-15T12:20:28,T6,D,"You receive an online order, but an item is missing from the package. How do you typically handle the situation?",low,Neutral Engagement Agent,medium,google/gemma-4-31b-it,0,complete
86fe833a-c9f5-4376-a7a9-8e8fef57f021,P-9E130A1DDC,7,C,4,1,1,2026-09-15T09:27:28,2026-09-15T12:23:39,T6,D,"You receive an online order, but an item is missing from the package. How do you typically handle the situation?",low,Neutral Engagement Agent,small,google/gemma-3-4b-it,1,complete
b90c800c-6174-4531-b1c8-f0875433e020,P-9E130A1DDC,8,C,4,2,1,2026-09-15T09:27:28,2026-09-15T13:07:44,T6,B,"You receive an online order, but one of the products arrives damaged. How do you typically handle the situation?",low,Neutral Engagement Agent,small,google/gemma-3-4b-it,1,complete
88ab6684-164c-4d94-bded-86e4cd6812cb,P-9E130A1DDC,9,G,5,1,1,2026-09-15T09:27:28,2026-09-15T13:29:26,T6,B,"You receive an online order, but one of the products arrives damaged. How do you typically handle the situation?",low,Neutral Engagement Agent,medium,google/gemma-4-31b-it,1,complete
5bd2213a-fd86-4cb5-82ab-40c4196e0402,P-9E130A1DDC,10,G,5,2,1,2026-09-15T09:27:28,2026-09-15T15:11:13,T6,D,"You receive an online order, but an item is missing from the package. How do you typically handle the situation?",low,Neutral Engagement Agent,medium,google/gemma-4-31b-it,1,complete
5f83373e-246f-4864-a894-198699c4c38c,P-9E130A1DDC,11,D,6,1,1,2026-09-15T09:27:28,2026-09-15T15:14:02,T6,D,"You receive an online order, but an item is missing from the package. How do you typically handle the situation?",low,Neutral Engagement Agent,small,google/gemma-3-4b-it,0,complete
eb7f8f67-fd6c-4e38-933b-cb88e148b317,P-9E130A1DDC,12,D,6,2,1,2026-09-15T09:27:28,2026-09-15T15:16:10,T6,B,"You receive an online order, but one of the products arrives damaged. How do you typically handle the situation?",low,Neutral Engagement Agent,small,google/gemma-3-4b-it,0,complete
8654aea2-43d8-4211-bd6c-422cb5e198a2,P-9E130A1DDC,13,F,7,1,1,2026-09-15T09:27:28,2026-09-15T15:19:42,T8,B,You are considering a weekend getaway within Greece. What factors influence your destination choice?,high,Neutral Engagement Agent,medium,google/gemma-4-31b-it,0,complete
085292d0-6ff1-4e45-abc2-73848e9ac309,P-9E130A1DDC,14,F,7,2,1,2026-09-15T09:27:28,2026-09-15T15:24:15,T8,A,"You are considering a short trip to another region of Greece. What kind of experience are you looking for, and how do you decide?",high,Neutral Engagement Agent,medium,google/gemma-4-31b-it,0,complete
c3c174a5-c57f-41cf-b4dc-cfe74bbf46d6,P-9E130A1DDC,15,E,8,1,1,2026-09-15T09:27:28,2026-09-15T15:27:25,T8,B,You are considering a weekend getaway within Greece. What factors influence your destination choice?,high,Neutral Engagement Agent,medium,google/gemma-4-31b-it,1,complete
ab39476a-eb7f-4804-8ba4-08e2e2db9ce0,P-9E130A1DDC,16,E,8,2,1,2026-09-15T09:27:28,2026-09-15T15:32:58,T8,A,"You are considering a short trip to another region of Greece. What kind of experience are you looking for, and how do you decide?",high,Neutral Engagement Agent,medium,google/gemma-4-31b-it,1,complete
8c830d5e-ea3a-4689-9be8-2867b79c2d97,P-A4880A1CE2,1,D,1,1,4,2026-09-16T20:18:59,2026-09-16T20:22:23,T5,D,"After a stressful week, you have a quiet afternoon to yourself. What do you usually do?",low,Neutral Engagement Agent,small,google/gemma-3-4b-it,0,complete
7aff83ed-f231-4b3a-9f9b-dea28fc80b0e,P-A4880A1CE2,2,D,1,2,4,2026-09-16T20:18:59,2026-09-16T20:26:09,T5,C,Imagine you unexpectedly have a free evening with nothing scheduled. How would you typically spend it?,low,Neutral Engagement Agent,small,google/gemma-3-4b-it,0,complete
643dae54-1712-43cc-928e-7ececa76c478,P-A4880A1CE2,3,E,2,1,4,2026-09-16T20:18:59,2026-09-16T20:30:26,T1,D,"You are at a supermarket in Greece, choosing lentils. You notice both branded options and supermarket own brands. What factors do you consider before deciding?",high,Neutral Engagement Agent,medium,google/gemma-4-31b-it,1,complete
f6822d4b-3078-419a-8207-825c438220ba,P-A4880A1CE2,4,E,2,2,4,2026-09-16T20:18:59,2026-09-16T20:33:44,T1,A,"You are at a supermarket in Greece, choosing pasta. You notice both branded options and supermarket own brands. What factors do you consider before deciding?",high,Neutral Engagement Agent,medium,google/gemma-4-31b-it,1,complete
8c84510c-7c73-4fdc-b687-d9652ed6a3c1,P-A4880A1CE2,5,C,3,1,4,2026-09-16T20:18:59,2026-09-17T08:05:33,T5,C,Imagine you unexpectedly have a free evening with nothing scheduled. How would you typically spend it?,low,Neutral Engagement Agent,small,google/gemma-3-4b-it,1,complete
2333975e-a10a-4574-b308-dd73c64fa9be,P-A4880A1CE2,6,C,3,2,4,2026-09-16T20:18:59,2026-09-17T08:09:22,T5,D,"After a stressful week, you have a quiet afternoon to yourself. What do you usually do?",low,Neutral Engagement Agent,small,google/gemma-3-4b-it,1,complete
d892663d-ecbb-46b8-85a2-1304b03343c6,P-A4880A1CE2,7,F,4,1,4,2026-09-16T20:18:59,2026-09-17T08:15:10,T1,D,"You are at a supermarket in Greece, choosing lentils. You notice both branded options and supermarket own brands. What factors do you consider before deciding?",high,Neutral Engagement Agent,medium,google/gemma-4-31b-it,0,complete
5ffa90f1-a64b-4731-b1c6-4ebaad54559f,P-A4880A1CE2,8,F,4,2,4,2026-09-16T20:18:59,2026-09-17T08:20:07,T1,A,"You are at a supermarket in Greece, choosing pasta. You notice both branded options and supermarket own brands. What factors do you consider before deciding?",high,Neutral Engagement Agent,medium,google/gemma-4-31b-it,0,complete
eac04792-d7d7-4dff-b737-bf5df42f6123,P-A4880A1CE2,9,B,5,1,4,2026-09-16T20:18:59,2026-09-17T12:07:20,T1,A,"You are at a supermarket in Greece, choosing pasta. You notice both branded options and supermarket own brands. What factors do you consider before deciding?",high,Neutral Engagement Agent,small,google/gemma-3-4b-it,0,complete
5f0fa3b3-db30-4759-9eb3-d1961af3f2b1,P-A4880A1CE2,10,B,5,2,4,2026-09-16T20:18:59,2026-09-17T12:12:15,T1,D,"You are at a supermarket in Greece, choosing lentils. You notice both branded options and supermarket own brands. What factors do you consider before deciding?",high,Neutral Engagement Agent,small,google/gemma-3-4b-it,0,complete
384534aa-02c3-4f7d-b40c-c6c327ea5936,P-A4880A1CE2,11,G,6,1,4,2026-09-16T20:18:59,2026-09-17T12:15:48,T5,D,"After a stressful week, you have a quiet afternoon to yourself. What do you usually do?",low,Neutral Engagement Agent,medium,google/gemma-4-31b-it,1,complete
5a3b2b6e-2e4b-4d94-82a0-b31c7611dfb5,P-A4880A1CE2,12,G,6,2,4,2026-09-16T20:18:59,2026-09-17T12:19:27,T5,C,Imagine you unexpectedly have a free evening with nothing scheduled. How would you typically spend it?,low,Neutral Engagement Agent,medium,google/gemma-4-31b-it,1,complete
7d6db4a4-3c83-4f79-98cb-cbe5a6a19a44,P-A4880A1CE2,13,A,7,1,4,2026-09-16T20:18:59,2026-09-17T12:23:07,T1,A,"You are at a supermarket in Greece, choosing pasta. You notice both branded options and supermarket own brands. What factors do you consider before deciding?",high,Neutral Engagement Agent,small,google/gemma-3-4b-it,1,complete
3f5efd1d-ed1d-43a2-8078-6b4f3fb60445,P-A4880A1CE2,14,A,7,2,4,2026-09-16T20:18:59,2026-09-17T12:26:08,T1,D,"You are at a supermarket in Greece, choosing lentils. You notice both branded options and supermarket own brands. What factors do you consider before deciding?",high,Neutral Engagement Agent,small,google/gemma-3-4b-it,1,complete
35a5e9f4-981d-4a63-b53e-cfa0d699cfe1,P-A4880A1CE2,15,H,8,1,4,2026-09-16T20:18:59,2026-09-17T12:31:03,T5,C,Imagine you unexpectedly have a free evening with nothing scheduled. How would you typically spend it?,low,Neutral Engagement Agent,medium,google/gemma-4-31b-it,0,complete
58250eb1-7cc9-48ec-8d51-9e155b11151d,P-A4880A1CE2,16,H,8,2,4,2026-09-16T20:18:59,2026-09-17T12:34:43,T5,D,"After a stressful week, you have a quiet afternoon to yourself. What do you usually do?",low,Neutral Engagement Agent,medium,google/gemma-4-31b-it,0,complete
e6a855aa-7796-47e0-945e-0231f7379169,P-C6EF7782E8,1,A,1,1,1,2026-09-16T11:49:54,2026-09-16T11:54:14,T8,A,"You are considering a short trip to another region of Greece. What kind of experience are you looking for, and how do you decide?",high,Neutral Engagement Agent,small,google/gemma-3-4b-it,1,complete
21829a0c-5ecf-4ba5-81b0-84dbb839c406,P-C6EF7782E8,2,A,1,2,1,2026-09-16T11:49:54,2026-09-16T11:58:22,T8,C,You have a few free days and are thinking about visiting a place in Greece you have never been before. How do you choose where to go?,high,Neutral Engagement Agent,small,google/gemma-3-4b-it,1,complete
fc4f041e-b086-475c-9d5f-b4f16b01bebb,P-C6EF7782E8,3,B,2,1,1,2026-09-16T11:49:54,2026-09-16T12:02:28,T8,A,"You are considering a short trip to another region of Greece. What kind of experience are you looking for, and how do you decide?",high,Neutral Engagement Agent,small,google/gemma-3-4b-it,0,complete
abe209dd-9e81-4fd9-b77c-cdbe3e6718c0,P-C6EF7782E8,4,B,2,2,1,2026-09-16T11:49:54,2026-09-16T19:02:52,T8,C,You have a few free days and are thinking about visiting a place in Greece you have never been before. How do you choose where to go?,high,Neutral Engagement Agent,small,google/gemma-3-4b-it,0,complete
97295551-33e1-494b-b619-a9495dda11c7,P-C6EF7782E8,5,H,3,1,1,2026-09-16T11:49:54,2026-09-16T19:05:58,T7,C,You are organizing a small birthday celebration at home. How do you make sure everything is ready?,low,Neutral Engagement Agent,medium,google/gemma-4-31b-it,0,complete
3bc96e5d-c34b-4b60-940d-0277ec63c483,P-C6EF7782E8,6,H,3,2,1,2026-09-16T11:49:54,2026-09-16T19:09:21,T7,A,You are planning a small gathering at home with friends. How do you organize it so that everything runs smoothly?,low,Neutral Engagement Agent,medium,google/gemma-4-31b-it,0,complete
90d5ef03-ec17-4842-8f3d-5db71b3b7e81,P-C6EF7782E8,7,C,4,1,1,2026-09-16T11:49:54,2026-09-16T19:14:37,T7,C,You are organizing a small birthday celebration at home. How do you make sure everything is ready?,low,Neutral Engagement Agent,small,google/gemma-3-4b-it,1,complete
04065ea3-23fd-404b-8649-d8f64f2466e4,P-C6EF7782E8,8,C,4,2,1,2026-09-16T11:49:54,2026-09-16T19:37:08,T7,A,You are planning a small gathering at home with friends. How do you organize it so that everything runs smoothly?,low,Neutral Engagement Agent,small,google/gemma-3-4b-it,1,complete
32ab8aaa-a0e0-4e95-9da8-bf2be567ee63,P-C6EF7782E8,9,G,5,1,1,2026-09-16T11:49:54,2026-09-16T19:41:38,T7,C,You are organizing a small birthday celebration at home. How do you make sure everything is ready?,low,Neutral Engagement Agent,medium,google/gemma-4-31b-it,1,complete
b26ce9df-efe3-4ead-b8ae-af3a7b75f48f,P-C6EF7782E8,10,G,5,2,1,2026-09-16T11:49:54,2026-09-16T19:46:32,T7,A,You are planning a small gathering at home with friends. How do you organize it so that everything runs smoothly?,low,Neutral Engagement Agent,medium,google/gemma-4-31b-it,1,complete
0d063138-8970-49e5-aeeb-f7c630a979c4,P-C6EF7782E8,11,D,6,1,1,2026-09-16T11:49:54,2026-09-16T19:53:26,T7,A,You are planning a small gathering at home with friends. How do you organize it so that everything runs smoothly?,low,Neutral Engagement Agent,small,google/gemma-3-4b-it,0,complete
d55ca028-d0fb-41bd-952c-4ec226d8c932,P-C6EF7782E8,12,D,6,2,1,2026-09-16T11:49:54,2026-09-16T19:55:56,T7,C,You are organizing a small birthday celebration at home. How do you make sure everything is ready?,low,Neutral Engagement Agent,small,google/gemma-3-4b-it,0,complete
9a02fd15-fe01-4e7f-9476-9453c6651a07,P-C6EF7782E8,13,F,7,1,1,2026-09-16T11:49:54,2026-09-16T20:02:00,T8,C,You have a few free days and are thinking about visiting a place in Greece you have never been before. How do you choose where to go?,high,Neutral Engagement Agent,medium,google/gemma-4-31b-it,0,complete
b914f870-e4c4-4b3e-a162-da6f020c0993,P-C6EF7782E8,14,F,7,2,1,2026-09-16T11:49:54,2026-09-16T20:05:34,T8,A,"You are considering a short trip to another region of Greece. What kind of experience are you looking for, and how do you decide?",high,Neutral Engagement Agent,medium,google/gemma-4-31b-it,0,complete
3e1215dc-ba1d-45dc-ad1c-adeb348bc7ec,P-C6EF7782E8,15,E,8,1,1,2026-09-16T11:49:54,2026-09-16T20:10:21,T8,A,"You are considering a short trip to another region of Greece. What kind of experience are you looking for, and how do you decide?",high,Neutral Engagement Agent,medium,google/gemma-4-31b-it,1,complete
f353ca11-9515-46d4-bfd0-a0bc63b03ebe,P-C6EF7782E8,16,E,8,2,1,2026-09-16T11:49:54,2026-09-16T20:13:45,T8,C,You have a few free days and are thinking about visiting a place in Greece you have never been before. How do you choose where to go?,high,Neutral Engagement Agent,medium,google/gemma-4-31b-it,1,complete
625a8df3-8400-4df2-a18c-6451dc28d414,P-E83994D768,1,B,1,1,2,2026-09-15T07:14:28,2026-09-15T07:18:10,T5,A,"After a long and tiring day, you return home with no immediate obligations. How do you usually spend that time?",high,Neutral Engagement Agent,small,google/gemma-3-4b-it,0,complete
db07a3e8-537c-47e2-95ae-8706e593a609,P-E83994D768,2,B,1,2,2,2026-09-15T07:14:28,2026-09-15T07:23:03,T5,C,Imagine you unexpectedly have a free evening with nothing scheduled. How would you typically spend it?,high,Neutral Engagement Agent,small,google/gemma-3-4b-it,0,complete
63ca9bf2-8129-450e-95c8-e8f8640b72e3,P-E83994D768,3,C,2,1,2,2026-09-15T07:14:28,2026-09-15T07:26:20,T2,B,"A friend suggests ordering Chinese food, but you are not familiar with the cuisine. How do you respond during the conversation?",low,Neutral Engagement Agent,small,google/gemma-3-4b-it,1,complete
db0e5579-7424-47da-9732-cf6210b63dd2,P-E83994D768,4,C,2,2,2,2026-09-15T07:14:28,2026-09-15T07:29:22,T2,A,"A friend suggests ordering Thai food, but you are not familiar with the cuisine. How do you respond during the conversation?",low,Neutral Engagement Agent,small,google/gemma-3-4b-it,1,complete
7c88fce9-adce-4aa0-86ea-0e5bd730f155,P-E83994D768,5,A,3,1,2,2026-09-15T07:14:28,2026-09-15T07:46:07,T5,A,"After a long and tiring day, you return home with no immediate obligations. How do you usually spend that time?",high,Neutral Engagement Agent,small,google/gemma-3-4b-it,1,complete
19d88ee3-4ac0-419b-b80b-bbc67bcf9f59,P-E83994D768,6,A,3,2,2,2026-09-15T07:14:28,2026-09-15T07:49:35,T5,C,Imagine you unexpectedly have a free evening with nothing scheduled. How would you typically spend it?,high,Neutral Engagement Agent,small,google/gemma-3-4b-it,1,complete
4a560c49-879c-40d8-92a9-d0121eb8a525,P-E83994D768,7,D,4,1,2,2026-09-15T07:14:28,2026-09-15T07:53:54,T2,A,"A friend suggests ordering Thai food, but you are not familiar with the cuisine. How do you respond during the conversation?",low,Neutral Engagement Agent,small,google/gemma-3-4b-it,0,complete
64ea6231-9b0a-4fb7-a959-f5f274ff35b4,P-E83994D768,8,D,4,2,2,2026-09-15T07:14:28,2026-09-15T07:57:02,T2,B,"A friend suggests ordering Chinese food, but you are not familiar with the cuisine. How do you respond during the conversation?",low,Neutral Engagement Agent,small,google/gemma-3-4b-it,0,complete
8bccacd5-29f3-4e7f-a123-24754ea8fe8b,P-E83994D768,9,H,5,1,2,2026-09-15T07:14:28,2026-09-15T08:01:06,T2,A,"A friend suggests ordering Thai food, but you are not familiar with the cuisine. How do you respond during the conversation?",low,Neutral Engagement Agent,medium,google/gemma-4-31b-it,0,complete
4cf006f5-a4f7-44ad-9577-9baf1403df75,P-E83994D768,10,H,5,2,2,2026-09-15T07:14:28,2026-09-15T08:04:32,T2,B,"A friend suggests ordering Chinese food, but you are not familiar with the cuisine. How do you respond during the conversation?",low,Neutral Engagement Agent,medium,google/gemma-4-31b-it,0,complete
3f640723-3176-4654-8ab5-82a2a2302b65,P-E83994D768,11,E,6,1,2,2026-09-15T07:14:28,2026-09-15T08:10:08,T5,A,"After a long and tiring day, you return home with no immediate obligations. How do you usually spend that time?",high,Neutral Engagement Agent,medium,google/gemma-4-31b-it,1,complete
56af9664-8a1b-4584-82ff-3c9818e72c81,P-E83994D768,12,E,6,2,2,2026-09-15T07:14:28,2026-09-15T08:14:32,T5,C,Imagine you unexpectedly have a free evening with nothing scheduled. How would you typically spend it?,high,Neutral Engagement Agent,medium,google/gemma-4-31b-it,1,complete
2d7df9a2-8b2f-4c53-b9c2-f6b2d653b9f8,P-E83994D768,13,G,7,1,2,2026-09-15T07:14:28,2026-09-15T08:18:45,T2,A,"A friend suggests ordering Thai food, but you are not familiar with the cuisine. How do you respond during the conversation?",low,Neutral Engagement Agent,medium,google/gemma-4-31b-it,1,complete
0a509036-bca0-43b8-a67d-c0713e8c4de1,P-E83994D768,14,G,7,2,2,2026-09-15T07:14:28,2026-09-15T08:21:31,T2,B,"A friend suggests ordering Chinese food, but you are not familiar with the cuisine. How do you respond during the conversation?",low,Neutral Engagement Agent,medium,google/gemma-4-31b-it,1,complete
99cf078e-a979-4c7f-af9c-15f19b326aed,P-E83994D768,15,F,8,1,2,2026-09-15T07:14:28,2026-09-15T08:26:47,T5,C,Imagine you unexpectedly have a free evening with nothing scheduled. How would you typically spend it?,high,Neutral Engagement Agent,medium,google/gemma-4-31b-it,0,complete
c5472e5e-c6b9-4561-9bb4-6708f624939f,P-E83994D768,16,F,8,2,2,2026-09-15T07:14:28,2026-09-15T08:29:49,T5,A,"After a long and tiring day, you return home with no immediate obligations. How do you usually spend that time?",high,Neutral Engagement Agent,medium,google/gemma-4-31b-it,0,complete
6f3b5e60-b304-4220-9899-20b0ded39255,P-EAA9A620E2,1,H,1,1,8,2026-09-15T07:17:31,2026-09-15T07:20:21,T5,B,"After completing a demanding task or exam, you finally have some free time. How do you usually relax?",low,Neutral Engagement Agent,medium,google/gemma-4-31b-it,0,complete
598ed132-9be0-43f4-8e6e-34fdd5df50e5,P-EAA9A620E2,2,H,1,2,8,2026-09-15T07:17:31,2026-09-15T07:23:53,T5,C,Imagine you unexpectedly have a free evening with nothing scheduled. How would you typically spend it?,low,Neutral Engagement Agent,medium,google/gemma-4-31b-it,0,complete
70711db8-3df0-4bea-adda-9f62d30fd46c,P-EAA9A620E2,3,A,2,1,8,2026-09-15T07:17:31,2026-09-15T07:27:46,T7,B,You are planning a casual dinner with a few friends. How do you prepare and organize the event?,high,Neutral Engagement Agent,small,google/gemma-3-4b-it,1,complete
35ccae95-7c32-46f2-a20f-575f8de21cd8,P-EAA9A620E2,4,A,2,2,8,2026-09-15T07:17:31,2026-09-15T07:30:27,T7,A,You are planning a small gathering at home with friends. How do you organize it so that everything runs smoothly?,high,Neutral Engagement Agent,small,google/gemma-3-4b-it,1,complete
a7f36feb-2582-49c6-90ab-39ad9e1f99ec,P-EAA9A620E2,5,G,3,1,8,2026-09-15T07:17:31,2026-09-15T07:35:22,T5,B,"After completing a demanding task or exam, you finally have some free time. How do you usually relax?",low,Neutral Engagement Agent,medium,google/gemma-4-31b-it,1,complete
a618d45e-cc43-4e72-884b-10e39cff9236,P-EAA9A620E2,6,G,3,2,8,2026-09-15T07:17:31,2026-09-15T07:39:23,T5,C,Imagine you unexpectedly have a free evening with nothing scheduled. How would you typically spend it?,low,Neutral Engagement Agent,medium,google/gemma-4-31b-it,1,complete
a09667b0-7080-41c5-97f2-fd7b262f2207,P-EAA9A620E2,7,B,4,1,8,2026-09-15T07:17:31,2026-09-15T07:48:05,T7,A,You are planning a small gathering at home with friends. How do you organize it so that everything runs smoothly?,high,Neutral Engagement Agent,small,google/gemma-3-4b-it,0,complete
c7c227c9-e8f1-43a6-8523-d7a04e2047f4,P-EAA9A620E2,8,B,4,2,8,2026-09-15T07:17:31,2026-09-15T07:51:06,T7,B,You are planning a casual dinner with a few friends. How do you prepare and organize the event?,high,Neutral Engagement Agent,small,google/gemma-3-4b-it,0,complete
e94c2542-320d-4105-9e20-feed7c615f52,P-EAA9A620E2,9,F,5,1,8,2026-09-15T07:17:31,2026-09-15T07:54:09,T7,B,You are planning a casual dinner with a few friends. How do you prepare and organize the event?,high,Neutral Engagement Agent,medium,google/gemma-4-31b-it,0,complete
5b82a4e9-55a0-42f4-9c6e-396d7b15985e,P-EAA9A620E2,10,F,5,2,8,2026-09-15T07:17:31,2026-09-15T07:57:28,T7,A,You are planning a small gathering at home with friends. How do you organize it so that everything runs smoothly?,high,Neutral Engagement Agent,medium,google/gemma-4-31b-it,0,complete
cc8a0eab-f211-4e74-82bd-ff6eca8334f7,P-EAA9A620E2,11,C,6,1,8,2026-09-15T07:17:31,2026-09-15T08:00:38,T5,B,"After completing a demanding task or exam, you finally have some free time. How do you usually relax?",low,Neutral Engagement Agent,small,google/gemma-3-4b-it,1,complete
38c83192-54f9-49a2-abf1-3da6585ea7e3,P-EAA9A620E2,12,C,6,2,8,2026-09-15T07:17:31,2026-09-15T08:02:39,T5,C,Imagine you unexpectedly have a free evening with nothing scheduled. How would you typically spend it?,low,Neutral Engagement Agent,small,google/gemma-3-4b-it,1,complete
d960c850-c058-4f71-b62e-52152adca27e,P-EAA9A620E2,13,E,7,1,8,2026-09-15T07:17:31,2026-09-15T08:06:38,T7,A,You are planning a small gathering at home with friends. How do you organize it so that everything runs smoothly?,high,Neutral Engagement Agent,medium,google/gemma-4-31b-it,1,complete
ef0f49a4-9aaf-4882-ba4b-480382324fec,P-EAA9A620E2,14,E,7,2,8,2026-09-15T07:17:31,2026-09-15T08:11:54,T7,B,You are planning a casual dinner with a few friends. How do you prepare and organize the event?,high,Neutral Engagement Agent,medium,google/gemma-4-31b-it,1,complete
0b32af5d-3a3f-454d-a5d9-ac823f3b408d,P-EAA9A620E2,15,D,8,1,8,2026-09-15T07:17:31,2026-09-15T08:55:38,T5,C,Imagine you unexpectedly have a free evening with nothing scheduled. How would you typically spend it?,low,Neutral Engagement Agent,small,google/gemma-3-4b-it,0,complete
a5fdc4e4-17ed-4bcb-9549-06a8c3dcf097,P-EAA9A620E2,16,D,8,2,8,2026-09-15T07:17:31,2026-09-15T09:21:19,T5,B,"After completing a demanding task or exam, you finally have some free time. How do you usually relax?",low,Neutral Engagement Agent,small,google/gemma-3-4b-it,0,complete
27f7a938-d24f-4a30-85c1-c187c3938199,P-FB0E050FB9,1,F,1,1,6,2026-09-14T13:45:13,2026-09-14T13:49:14,T7,C,You are organizing a small birthday celebration at home. How do you make sure everything is ready?,high,Neutral Engagement Agent,medium,google/gemma-4-31b-it,0,complete
523eade3-b0ff-422f-b7b9-ce1819526ab2,P-FB0E050FB9,2,F,1,2,6,2026-09-14T13:45:13,2026-09-14T13:52:29,T7,D,You are hosting friends for an evening of games and conversation. How do you plan the gathering?,high,Neutral Engagement Agent,medium,google/gemma-4-31b-it,0,complete
b16124aa-b8be-4fa5-b25c-9b2908ffa7e5,P-FB0E050FB9,3,G,2,1,6,2026-09-14T13:45:13,2026-09-14T13:57:21,T1,A,"You are at a supermarket in Greece, choosing pasta. You notice both branded options and supermarket own brands. What factors do you consider before deciding?",low,Neutral Engagement Agent,medium,google/gemma-4-31b-it,1,complete
4496c586-964d-4b84-83f6-213cdde3aa4a,P-FB0E050FB9,4,G,2,2,6,2026-09-14T13:45:13,2026-09-14T14:01:07,T1,C,"You are at a supermarket in Greece, choosing cheese. You notice both branded options and supermarket own brands. What factors do you consider before deciding?",low,Neutral Engagement Agent,medium,google/gemma-4-31b-it,1,complete
e5c6ef80-1415-433a-aa2a-bbee8af31115,P-FB0E050FB9,5,E,3,1,6,2026-09-14T13:45:13,2026-09-14T14:05:34,T7,C,You are organizing a small birthday celebration at home. How do you make sure everything is ready?,high,Neutral Engagement Agent,medium,google/gemma-4-31b-it,1,complete
7b504fc6-de4d-4dde-9b5f-1ea68305d5ad,P-FB0E050FB9,6,E,3,2,6,2026-09-14T13:45:13,2026-09-14T14:09:46,T7,D,You are hosting friends for an evening of games and conversation. How do you plan the gathering?,high,Neutral Engagement Agent,medium,google/gemma-4-31b-it,1,complete
b5fd0a33-4c23-4e12-a6f4-c85d58265b6c,P-FB0E050FB9,7,H,4,1,6,2026-09-14T13:45:13,2026-09-14T14:14:30,T1,C,"You are at a supermarket in Greece, choosing cheese. You notice both branded options and supermarket own brands. What factors do you consider before deciding?",low,Neutral Engagement Agent,medium,google/gemma-4-31b-it,0,complete
9e46aafb-c72d-4fa7-8535-097a2a39785a,P-FB0E050FB9,8,H,4,2,6,2026-09-14T13:45:13,2026-09-14T14:18:12,T1,A,"You are at a supermarket in Greece, choosing pasta. You notice both branded options and supermarket own brands. What factors do you consider before deciding?",low,Neutral Engagement Agent,medium,google/gemma-4-31b-it,0,complete
1228302a-1aea-4c92-bfb7-7d3be34ec87c,P-FB0E050FB9,9,D,5,1,6,2026-09-14T13:45:13,2026-09-14T14:22:09,T1,C,"You are at a supermarket in Greece, choosing cheese. You notice both branded options and supermarket own brands. What factors do you consider before deciding?",low,Neutral Engagement Agent,small,google/gemma-3-4b-it,0,complete
8b1946f9-afa0-4eab-a94d-3e57bdc33a9c,P-FB0E050FB9,10,D,5,2,6,2026-09-14T13:45:13,2026-09-14T14:25:30,T1,A,"You are at a supermarket in Greece, choosing pasta. You notice both branded options and supermarket own brands. What factors do you consider before deciding?",low,Neutral Engagement Agent,small,google/gemma-3-4b-it,0,complete
11fccb7d-fc4c-4d22-bfd8-5cf5ed18a76c,P-FB0E050FB9,11,A,6,1,6,2026-09-14T13:45:13,2026-09-14T14:30:28,T7,D,You are hosting friends for an evening of games and conversation. How do you plan the gathering?,high,Neutral Engagement Agent,small,google/gemma-3-4b-it,1,complete
102a4379-3100-42eb-a56a-34160dcd3891,P-FB0E050FB9,12,A,6,2,6,2026-09-14T13:45:13,2026-09-14T14:34:11,T7,C,You are organizing a small birthday celebration at home. How do you make sure everything is ready?,high,Neutral Engagement Agent,small,google/gemma-3-4b-it,1,complete
d89466c3-2426-49c2-8237-000921df2cba,P-FB0E050FB9,13,C,7,1,6,2026-09-14T13:45:13,2026-09-14T14:37:27,T1,A,"You are at a supermarket in Greece, choosing pasta. You notice both branded options and supermarket own brands. What factors do you consider before deciding?",low,Neutral Engagement Agent,small,google/gemma-3-4b-it,1,complete
97f45085-0598-44f3-bd78-f95e9a7fb1cb,P-FB0E050FB9,14,C,7,2,6,2026-09-14T13:45:13,2026-09-14T14:40:29,T1,C,"You are at a supermarket in Greece, choosing cheese. You notice both branded options and supermarket own brands. What factors do you consider before deciding?",low,Neutral Engagement Agent,small,google/gemma-3-4b-it,1,complete
3abb7580-b3da-4149-82eb-e03c4e3a2e78,P-FB0E050FB9,15,B,8,1,6,2026-09-14T13:45:13,2026-09-14T14:43:49,T7,D,You are hosting friends for an evening of games and conversation. How do you plan the gathering?,high,Neutral Engagement Agent,small,google/gemma-3-4b-it,0,complete
3888a4ac-30bf-4804-98d4-5dd2450e35d8,P-FB0E050FB9,16,B,8,2,6,2026-09-14T13:45:13,2026-09-14T14:47:08,T7,C,You are organizing a small birthday celebration at home. How do you make sure everything is ready?,high,Neutral Engagement Agent,small,google/gemma-3-4b-it,0,complete
