questionnaire_id,participant_id,condition_code,condition_order,answers_json,submitted_at
538522f5-2bd5-4764-a4f1-162e553a5e5e,P-2644CBC033,C,1,"{""engagement"": 2, ""naturalness"": 2, ""responsiveness"": 2, ""coherence"": 2, ""topic_consistency"": 2, ""willingness_continue"": 2, ""overall_satisfaction"": 2, ""emotions"": [""Confused""], ""comments"": """", ""submitted_at"": ""2026-09-20T10:54:09"", ""condition_code"": ""C"", ""condition_order"": 1, ""latin_square_sequence"": 3, ""model_size"": ""small"", ""model_name"": ""google/gemma-3-4b-it"", ""topic_interest"": ""low"", ""personality_context_enabled"": true}",2026-09-20T10:54:09
1b642ffb-1b71-487c-a65a-963e9fcaff2a,P-2644CBC033,D,2,"{""engagement"": 2, ""naturalness"": 2, ""responsiveness"": 2, ""coherence"": 2, ""topic_consistency"": 2, ""willingness_continue"": 2, ""overall_satisfaction"": 2, ""emotions"": [""Confused""], ""comments"": """", ""submitted_at"": ""2026-09-20T11:43:49"", ""condition_code"": ""D"", ""condition_order"": 2, ""latin_square_sequence"": 3, ""model_size"": ""small"", ""model_name"": ""google/gemma-3-4b-it"", ""topic_interest"": ""low"", ""personality_context_enabled"": false}",2026-09-20T11:43:49
cfe45fa4-c38e-4537-8fd0-020b98859e80,P-2644CBC033,B,3,"{""engagement"": 2, ""naturalness"": 2, ""responsiveness"": 2, ""coherence"": 2, ""topic_consistency"": 2, ""willingness_continue"": 2, ""overall_satisfaction"": 2, ""emotions"": [""Confused"", ""Bored"", ""Frustrated""], ""comments"": """", ""submitted_at"": ""2026-09-20T11:52:24"", ""condition_code"": ""B"", ""condition_order"": 3, ""latin_square_sequence"": 3, ""model_size"": ""small"", ""model_name"": ""google/gemma-3-4b-it"", ""topic_interest"": ""high"", ""personality_context_enabled"": false}",2026-09-20T11:52:24
f561a892-ef35-47ec-8406-d02b5e70d430,P-2644CBC033,E,4,"{""engagement"": 4, ""naturalness"": 4, ""responsiveness"": 4, ""coherence"": 4, ""topic_consistency"": 4, ""willingness_continue"": 4, ""overall_satisfaction"": 4, ""emotions"": [""Interested"", ""Engaged""], ""comments"": """", ""submitted_at"": ""2026-09-20T12:02:50"", ""condition_code"": ""E"", ""condition_order"": 4, ""latin_square_sequence"": 3, ""model_size"": ""medium"", ""model_name"": ""google/gemma-4-31b-it"", ""topic_interest"": ""high"", ""personality_context_enabled"": true}",2026-09-20T12:02:50
606a1b27-c84d-4c9f-81e5-530ccffdb168,P-2644CBC033,A,5,"{""engagement"": 3, ""naturalness"": 3, ""responsiveness"": 3, ""coherence"": 3, ""topic_consistency"": 3, ""willingness_continue"": 3, ""overall_satisfaction"": 4, ""emotions"": [""Comfortable"", ""Neutral""], ""comments"": """", ""submitted_at"": ""2026-09-20T12:10:43"", ""condition_code"": ""A"", ""condition_order"": 5, ""latin_square_sequence"": 3, ""model_size"": ""small"", ""model_name"": ""google/gemma-3-4b-it"", ""topic_interest"": ""high"", ""personality_context_enabled"": true}",2026-09-20T12:10:43
6a4ef46e-2aa4-431f-9b38-e3636f1ec8b7,P-2644CBC033,F,6,"{""engagement"": 4, ""naturalness"": 4, ""responsiveness"": 4, ""coherence"": 4, ""topic_consistency"": 4, ""willingness_continue"": 4, ""overall_satisfaction"": 4, ""emotions"": [""Interested"", ""Comfortable""], ""comments"": """", ""submitted_at"": ""2026-09-20T12:22:01"", ""condition_code"": ""F"", ""condition_order"": 6, ""latin_square_sequence"": 3, ""model_size"": ""medium"", ""model_name"": ""google/gemma-4-31b-it"", ""topic_interest"": ""high"", ""personality_context_enabled"": false}",2026-09-20T12:22:01
b5a2c515-4ce7-41ff-947c-07639662bcc7,P-2644CBC033,H,7,"{""engagement"": 4, ""naturalness"": 4, ""responsiveness"": 4, ""coherence"": 4, ""topic_consistency"": 4, ""willingness_continue"": 5, ""overall_satisfaction"": 5, ""emotions"": [""Interested"", ""Engaged"", ""Curious""], ""comments"": """", ""submitted_at"": ""2026-09-20T12:30:04"", ""condition_code"": ""H"", ""condition_order"": 7, ""latin_square_sequence"": 3, ""model_size"": ""medium"", ""model_name"": ""google/gemma-4-31b-it"", ""topic_interest"": ""low"", ""personality_context_enabled"": false}",2026-09-20T12:30:04
73336282-99e8-48a1-b8aa-a5f27df2241a,P-2644CBC033,G,8,"{""engagement"": 4, ""naturalness"": 4, ""responsiveness"": 4, ""coherence"": 4, ""topic_consistency"": 4, ""willingness_continue"": 4, ""overall_satisfaction"": 4, ""emotions"": [""Interested"", ""Engaged"", ""Comfortable""], ""comments"": """", ""submitted_at"": ""2026-09-20T12:39:53"", ""condition_code"": ""G"", ""condition_order"": 8, ""latin_square_sequence"": 3, ""model_size"": ""medium"", ""model_name"": ""google/gemma-4-31b-it"", ""topic_interest"": ""low"", ""personality_context_enabled"": true}",2026-09-20T12:39:53
aee34bab-c324-439f-b3ae-1e959de82d70,P-2DB0DA1D0E,E,1,"{""engagement"": 4, ""naturalness"": 4, ""responsiveness"": 4, ""coherence"": 4, ""topic_consistency"": 4, ""willingness_continue"": 4, ""overall_satisfaction"": 4, ""emotions"": [""Interested""], ""comments"": """", ""submitted_at"": ""2026-09-17T18:39:06"", ""condition_code"": ""E"", ""condition_order"": 1, ""latin_square_sequence"": 5, ""model_size"": ""medium"", ""model_name"": ""google/gemma-4-31b-it"", ""topic_interest"": ""high"", ""personality_context_enabled"": true}",2026-09-17T18:39:06
cd54343d-8a45-4df0-87c1-34bad187ca5e,P-2DB0DA1D0E,F,2,"{""engagement"": 3, ""naturalness"": 4, ""responsiveness"": 4, ""coherence"": 4, ""topic_consistency"": 4, ""willingness_continue"": 5, ""overall_satisfaction"": 5, ""emotions"": [""Interested"", ""Engaged""], ""comments"": """", ""submitted_at"": ""2026-09-17T18:48:52"", ""condition_code"": ""F"", ""condition_order"": 2, ""latin_square_sequence"": 5, ""model_size"": ""medium"", ""model_name"": ""google/gemma-4-31b-it"", ""topic_interest"": ""high"", ""personality_context_enabled"": false}",2026-09-17T18:48:52
371faf40-b99a-46bd-998a-5b0400d5d2a8,P-2DB0DA1D0E,D,3,"{""engagement"": 3, ""naturalness"": 5, ""responsiveness"": 5, ""coherence"": 5, ""topic_consistency"": 4, ""willingness_continue"": 3, ""overall_satisfaction"": 4, ""emotions"": [""Bored""], ""comments"": """", ""submitted_at"": ""2026-09-17T18:54:35"", ""condition_code"": ""D"", ""condition_order"": 3, ""latin_square_sequence"": 5, ""model_size"": ""small"", ""model_name"": ""google/gemma-3-4b-it"", ""topic_interest"": ""low"", ""personality_context_enabled"": false}",2026-09-17T18:54:35
c9a2828f-875a-4ade-b24b-c462e3196146,P-2DB0DA1D0E,G,4,"{""engagement"": 5, ""naturalness"": 5, ""responsiveness"": 5, ""coherence"": 4, ""topic_consistency"": 4, ""willingness_continue"": 5, ""overall_satisfaction"": 4, ""emotions"": [""Interested"", ""Engaged""], ""comments"": """", ""submitted_at"": ""2026-09-17T19:02:17"", ""condition_code"": ""G"", ""condition_order"": 4, ""latin_square_sequence"": 5, ""model_size"": ""medium"", ""model_name"": ""google/gemma-4-31b-it"", ""topic_interest"": ""low"", ""personality_context_enabled"": true}",2026-09-17T19:02:17
fc7d49c7-5d1f-4fc9-96c5-c2578e0d84c9,P-2DB0DA1D0E,C,5,"{""engagement"": 4, ""naturalness"": 4, ""responsiveness"": 4, ""coherence"": 4, ""topic_consistency"": 4, ""willingness_continue"": 4, ""overall_satisfaction"": 4, ""emotions"": [""Interested"", ""Engaged""], ""comments"": """", ""submitted_at"": ""2026-09-18T08:00:06"", ""condition_code"": ""C"", ""condition_order"": 5, ""latin_square_sequence"": 5, ""model_size"": ""small"", ""model_name"": ""google/gemma-3-4b-it"", ""topic_interest"": ""low"", ""personality_context_enabled"": true}",2026-09-18T08:00:06
e122ef54-9cf2-4062-83ed-4abbf757334f,P-2DB0DA1D0E,H,6,"{""engagement"": 4, ""naturalness"": 4, ""responsiveness"": 4, ""coherence"": 4, ""topic_consistency"": 4, ""willingness_continue"": 4, ""overall_satisfaction"": 4, ""emotions"": [""Interested"", ""Engaged"", ""Comfortable""], ""comments"": """", ""submitted_at"": ""2026-09-18T08:06:22"", ""condition_code"": ""H"", ""condition_order"": 6, ""latin_square_sequence"": 5, ""model_size"": ""medium"", ""model_name"": ""google/gemma-4-31b-it"", ""topic_interest"": ""low"", ""personality_context_enabled"": false}",2026-09-18T08:06:22
55edf469-9c75-4774-86da-a3b32b520609,P-2DB0DA1D0E,B,7,"{""engagement"": 4, ""naturalness"": 4, ""responsiveness"": 4, ""coherence"": 4, ""topic_consistency"": 4, ""willingness_continue"": 4, ""overall_satisfaction"": 4, ""emotions"": [""Interested"", ""Engaged""], ""comments"": """", ""submitted_at"": ""2026-09-18T08:15:19"", ""condition_code"": ""B"", ""condition_order"": 7, ""latin_square_sequence"": 5, ""model_size"": ""small"", ""model_name"": ""google/gemma-3-4b-it"", ""topic_interest"": ""high"", ""personality_context_enabled"": false}",2026-09-18T08:15:19
7fb59a10-9bd4-41cd-a4e9-78ec2c446b24,P-2DB0DA1D0E,A,8,"{""engagement"": 4, ""naturalness"": 4, ""responsiveness"": 4, ""coherence"": 4, ""topic_consistency"": 4, ""willingness_continue"": 4, ""overall_satisfaction"": 3, ""emotions"": [""Interested"", ""Engaged"", ""Comfortable"", ""Bored""], ""comments"": """", ""submitted_at"": ""2026-09-18T08:21:02"", ""condition_code"": ""A"", ""condition_order"": 8, ""latin_square_sequence"": 5, ""model_size"": ""small"", ""model_name"": ""google/gemma-3-4b-it"", ""topic_interest"": ""high"", ""personality_context_enabled"": true}",2026-09-18T08:21:02
ce2a3619-644f-423b-b439-591caaa14e7a,P-41FE7B6C8E,G,1,"{""engagement"": 5, ""naturalness"": 4, ""responsiveness"": 4, ""coherence"": 4, ""topic_consistency"": 4, ""willingness_continue"": 4, ""overall_satisfaction"": 4, ""emotions"": [""Interested"", ""Engaged""], ""comments"": """", ""submitted_at"": ""2026-09-20T11:43:16"", ""condition_code"": ""G"", ""condition_order"": 1, ""latin_square_sequence"": 7, ""model_size"": ""medium"", ""model_name"": ""google/gemma-4-31b-it"", ""topic_interest"": ""low"", ""personality_context_enabled"": true}",2026-09-20T11:43:16
44eacba8-7843-4c4a-9610-191fc5d46601,P-41FE7B6C8E,H,2,"{""engagement"": 4, ""naturalness"": 5, ""responsiveness"": 5, ""coherence"": 5, ""topic_consistency"": 5, ""willingness_continue"": 4, ""overall_satisfaction"": 5, ""emotions"": [""Engaged"", ""Comfortable""], ""comments"": """", ""submitted_at"": ""2026-09-20T11:54:49"", ""condition_code"": ""H"", ""condition_order"": 2, ""latin_square_sequence"": 7, ""model_size"": ""medium"", ""model_name"": ""google/gemma-4-31b-it"", ""topic_interest"": ""low"", ""personality_context_enabled"": false}",2026-09-20T11:54:49
2a195f79-641c-42d0-bdeb-b919d5cf8cfd,P-41FE7B6C8E,F,3,"{""engagement"": 5, ""naturalness"": 5, ""responsiveness"": 5, ""coherence"": 5, ""topic_consistency"": 5, ""willingness_continue"": 5, ""overall_satisfaction"": 5, ""emotions"": [""Interested"", ""Engaged""], ""comments"": """", ""submitted_at"": ""2026-09-20T12:10:11"", ""condition_code"": ""F"", ""condition_order"": 3, ""latin_square_sequence"": 7, ""model_size"": ""medium"", ""model_name"": ""google/gemma-4-31b-it"", ""topic_interest"": ""high"", ""personality_context_enabled"": false}",2026-09-20T12:10:11
83d38f29-7fe1-47bf-a3ca-87b79430350e,P-41FE7B6C8E,A,4,"{""engagement"": 5, ""naturalness"": 5, ""responsiveness"": 5, ""coherence"": 5, ""topic_consistency"": 5, ""willingness_continue"": 5, ""overall_satisfaction"": 5, ""emotions"": [""Engaged""], ""comments"": """", ""submitted_at"": ""2026-09-20T12:18:01"", ""condition_code"": ""A"", ""condition_order"": 4, ""latin_square_sequence"": 7, ""model_size"": ""small"", ""model_name"": ""google/gemma-3-4b-it"", ""topic_interest"": ""high"", ""personality_context_enabled"": true}",2026-09-20T12:18:01
43822d03-6708-4c2f-bf0b-b46872bd331d,P-41FE7B6C8E,E,5,"{""engagement"": 5, ""naturalness"": 5, ""responsiveness"": 5, ""coherence"": 5, ""topic_consistency"": 4, ""willingness_continue"": 5, ""overall_satisfaction"": 5, ""emotions"": [""Engaged"", ""Comfortable"", ""Neutral""], ""comments"": """", ""submitted_at"": ""2026-09-20T12:27:34"", ""condition_code"": ""E"", ""condition_order"": 5, ""latin_square_sequence"": 7, ""model_size"": ""medium"", ""model_name"": ""google/gemma-4-31b-it"", ""topic_interest"": ""high"", ""personality_context_enabled"": true}",2026-09-20T12:27:34
36bfc939-c073-4889-b4a5-4b57490fdb79,P-41FE7B6C8E,B,6,"{""engagement"": 5, ""naturalness"": 5, ""responsiveness"": 5, ""coherence"": 5, ""topic_consistency"": 5, ""willingness_continue"": 5, ""overall_satisfaction"": 5, ""emotions"": [""Engaged"", ""Comfortable"", ""Neutral""], ""comments"": """", ""submitted_at"": ""2026-09-20T12:51:54"", ""condition_code"": ""B"", ""condition_order"": 6, ""latin_square_sequence"": 7, ""model_size"": ""small"", ""model_name"": ""google/gemma-3-4b-it"", ""topic_interest"": ""high"", ""personality_context_enabled"": false}",2026-09-20T12:51:54
caf07097-b1d0-42b7-b699-451447a9c954,P-41FE7B6C8E,D,7,"{""engagement"": 5, ""naturalness"": 5, ""responsiveness"": 5, ""coherence"": 5, ""topic_consistency"": 5, ""willingness_continue"": 5, ""overall_satisfaction"": 5, ""emotions"": [""Engaged""], ""comments"": """", ""submitted_at"": ""2026-09-20T13:00:25"", ""condition_code"": ""D"", ""condition_order"": 7, ""latin_square_sequence"": 7, ""model_size"": ""small"", ""model_name"": ""google/gemma-3-4b-it"", ""topic_interest"": ""low"", ""personality_context_enabled"": false}",2026-09-20T13:00:25
2ef6728b-7c2a-4ce4-a136-922786fb958d,P-41FE7B6C8E,C,8,"{""engagement"": 5, ""naturalness"": 5, ""responsiveness"": 5, ""coherence"": 5, ""topic_consistency"": 5, ""willingness_continue"": 5, ""overall_satisfaction"": 5, ""emotions"": [""Engaged"", ""Comfortable""], ""comments"": """", ""submitted_at"": ""2026-09-20T13:06:59"", ""condition_code"": ""C"", ""condition_order"": 8, ""latin_square_sequence"": 7, ""model_size"": ""small"", ""model_name"": ""google/gemma-3-4b-it"", ""topic_interest"": ""low"", ""personality_context_enabled"": true}",2026-09-20T13:06:59
dcaa9544-53d2-44a7-8de6-2a18acffc334,P-44138CFA98,H,1,"{""engagement"": 5, ""naturalness"": 4, ""responsiveness"": 4, ""coherence"": 5, ""topic_consistency"": 3, ""willingness_continue"": 4, ""overall_satisfaction"": 5, ""emotions"": [""Comfortable""], ""comments"": """", ""submitted_at"": ""2026-09-19T07:20:22"", ""condition_code"": ""H"", ""condition_order"": 1, ""latin_square_sequence"": 8, ""model_size"": ""medium"", ""model_name"": ""google/gemma-4-31b-it"", ""topic_interest"": ""low"", ""personality_context_enabled"": false}",2026-09-19T07:20:22
e3bbebd5-660f-45f7-855e-b2dc96d53c86,P-44138CFA98,A,2,"{""engagement"": 2, ""naturalness"": 2, ""responsiveness"": 2, ""coherence"": 2, ""topic_consistency"": 2, ""willingness_continue"": 2, ""overall_satisfaction"": 2, ""emotions"": [""Confused"", ""Bored"", ""Frustrated""], ""comments"": """", ""submitted_at"": ""2026-09-19T16:47:32"", ""condition_code"": ""A"", ""condition_order"": 2, ""latin_square_sequence"": 8, ""model_size"": ""small"", ""model_name"": ""google/gemma-3-4b-it"", ""topic_interest"": ""high"", ""personality_context_enabled"": true}",2026-09-19T16:47:32
433465b1-e2a4-475c-97f4-9e9b5b15952e,P-44138CFA98,G,3,"{""engagement"": 4, ""naturalness"": 4, ""responsiveness"": 4, ""coherence"": 4, ""topic_consistency"": 4, ""willingness_continue"": 4, ""overall_satisfaction"": 4, ""emotions"": [""Interested"", ""Engaged""], ""comments"": """", ""submitted_at"": ""2026-09-19T16:56:05"", ""condition_code"": ""G"", ""condition_order"": 3, ""latin_square_sequence"": 8, ""model_size"": ""medium"", ""model_name"": ""google/gemma-4-31b-it"", ""topic_interest"": ""low"", ""personality_context_enabled"": true}",2026-09-19T16:56:05
9e2ebe0d-14a2-4bd3-a42a-f26cb5dd2860,P-44138CFA98,B,4,"{""engagement"": 2, ""naturalness"": 2, ""responsiveness"": 3, ""coherence"": 3, ""topic_consistency"": 2, ""willingness_continue"": 2, ""overall_satisfaction"": 2, ""emotions"": [""Confused"", ""Bored""], ""comments"": """", ""submitted_at"": ""2026-09-19T17:02:28"", ""condition_code"": ""B"", ""condition_order"": 4, ""latin_square_sequence"": 8, ""model_size"": ""small"", ""model_name"": ""google/gemma-3-4b-it"", ""topic_interest"": ""high"", ""personality_context_enabled"": false}",2026-09-19T17:02:28
b4f93fb8-d088-414f-9183-4b960f64df69,P-44138CFA98,F,5,"{""engagement"": 4, ""naturalness"": 4, ""responsiveness"": 4, ""coherence"": 5, ""topic_consistency"": 5, ""willingness_continue"": 5, ""overall_satisfaction"": 5, ""emotions"": [""Interested"", ""Engaged"", ""Comfortable""], ""comments"": """", ""submitted_at"": ""2026-09-19T18:12:25"", ""condition_code"": ""F"", ""condition_order"": 5, ""latin_square_sequence"": 8, ""model_size"": ""medium"", ""model_name"": ""google/gemma-4-31b-it"", ""topic_interest"": ""high"", ""personality_context_enabled"": false}",2026-09-19T18:12:25
5b6c7c41-f741-4810-85aa-0ca321e99229,P-44138CFA98,C,6,"{""engagement"": 2, ""naturalness"": 2, ""responsiveness"": 2, ""coherence"": 2, ""topic_consistency"": 2, ""willingness_continue"": 2, ""overall_satisfaction"": 3, ""emotions"": [""Confused"", ""Bored""], ""comments"": """", ""submitted_at"": ""2026-09-19T18:17:00"", ""condition_code"": ""C"", ""condition_order"": 6, ""latin_square_sequence"": 8, ""model_size"": ""small"", ""model_name"": ""google/gemma-3-4b-it"", ""topic_interest"": ""low"", ""personality_context_enabled"": true}",2026-09-19T18:17:00
b266b211-5265-4c65-9d12-0c4f74b1c21c,P-44138CFA98,E,7,"{""engagement"": 5, ""naturalness"": 5, ""responsiveness"": 5, ""coherence"": 5, ""topic_consistency"": 5, ""willingness_continue"": 5, ""overall_satisfaction"": 4, ""emotions"": [""Interested"", ""Engaged"", ""Curious""], ""comments"": """", ""submitted_at"": ""2026-09-19T18:25:19"", ""condition_code"": ""E"", ""condition_order"": 7, ""latin_square_sequence"": 8, ""model_size"": ""medium"", ""model_name"": ""google/gemma-4-31b-it"", ""topic_interest"": ""high"", ""personality_context_enabled"": true}",2026-09-19T18:25:19
da7fc1bb-37f7-43ca-bac5-ce3a6398aa11,P-44138CFA98,D,8,"{""engagement"": 2, ""naturalness"": 3, ""responsiveness"": 3, ""coherence"": 2, ""topic_consistency"": 2, ""willingness_continue"": 2, ""overall_satisfaction"": 3, ""emotions"": [""Confused"", ""Bored""], ""comments"": """", ""submitted_at"": ""2026-09-19T18:44:09"", ""condition_code"": ""D"", ""condition_order"": 8, ""latin_square_sequence"": 8, ""model_size"": ""small"", ""model_name"": ""google/gemma-3-4b-it"", ""topic_interest"": ""low"", ""personality_context_enabled"": false}",2026-09-19T18:44:09
0eb01d75-2929-4feb-9206-e5551843889e,P-482AABB718,C,1,"{""engagement"": 4, ""naturalness"": 3, ""responsiveness"": 4, ""coherence"": 3, ""topic_consistency"": 3, ""willingness_continue"": 4, ""overall_satisfaction"": 4, ""emotions"": [""Interested"", ""Engaged"", ""Curious""], ""comments"": """", ""submitted_at"": ""2026-09-15T18:25:24"", ""condition_code"": ""C"", ""condition_order"": 1, ""latin_square_sequence"": 3, ""model_size"": ""small"", ""model_name"": ""google/gemma-3-4b-it"", ""topic_interest"": ""low"", ""personality_context_enabled"": true}",2026-09-15T18:25:24
0439d3fb-01c0-494e-ad8c-89b10b0d7a5b,P-482AABB718,D,2,"{""engagement"": 3, ""naturalness"": 4, ""responsiveness"": 4, ""coherence"": 4, ""topic_consistency"": 3, ""willingness_continue"": 4, ""overall_satisfaction"": 4, ""emotions"": [""Interested"", ""Engaged"", ""Curious""], ""comments"": """", ""submitted_at"": ""2026-09-15T18:47:56"", ""condition_code"": ""D"", ""condition_order"": 2, ""latin_square_sequence"": 3, ""model_size"": ""small"", ""model_name"": ""google/gemma-3-4b-it"", ""topic_interest"": ""low"", ""personality_context_enabled"": false}",2026-09-15T18:47:56
9d4f577a-0cf8-48e8-b5e9-a255db314cae,P-482AABB718,B,3,"{""engagement"": 4, ""naturalness"": 4, ""responsiveness"": 4, ""coherence"": 4, ""topic_consistency"": 3, ""willingness_continue"": 4, ""overall_satisfaction"": 4, ""emotions"": [""Confused"", ""Bored""], ""comments"": """", ""submitted_at"": ""2026-09-15T18:56:34"", ""condition_code"": ""B"", ""condition_order"": 3, ""latin_square_sequence"": 3, ""model_size"": ""small"", ""model_name"": ""google/gemma-3-4b-it"", ""topic_interest"": ""high"", ""personality_context_enabled"": false}",2026-09-15T18:56:34
e99df44e-736c-4401-8396-d9aad87d6de8,P-482AABB718,E,4,"{""engagement"": 4, ""naturalness"": 4, ""responsiveness"": 3, ""coherence"": 4, ""topic_consistency"": 4, ""willingness_continue"": 4, ""overall_satisfaction"": 3, ""emotions"": [""Interested"", ""Curious""], ""comments"": """", ""submitted_at"": ""2026-09-15T19:04:25"", ""condition_code"": ""E"", ""condition_order"": 4, ""latin_square_sequence"": 3, ""model_size"": ""medium"", ""model_name"": ""google/gemma-4-31b-it"", ""topic_interest"": ""high"", ""personality_context_enabled"": true}",2026-09-15T19:04:25
97948a3a-394c-4826-bcca-8bd2d1877689,P-482AABB718,A,5,"{""engagement"": 4, ""naturalness"": 4, ""responsiveness"": 4, ""coherence"": 4, ""topic_consistency"": 4, ""willingness_continue"": 4, ""overall_satisfaction"": 4, ""emotions"": [""Comfortable""], ""comments"": """", ""submitted_at"": ""2026-09-15T19:55:29"", ""condition_code"": ""A"", ""condition_order"": 5, ""latin_square_sequence"": 3, ""model_size"": ""small"", ""model_name"": ""google/gemma-3-4b-it"", ""topic_interest"": ""high"", ""personality_context_enabled"": true}",2026-09-15T19:55:29
e71a8c28-5b3c-49c2-83dd-05ba05e57bf9,P-482AABB718,F,6,"{""engagement"": 5, ""naturalness"": 5, ""responsiveness"": 5, ""coherence"": 5, ""topic_consistency"": 4, ""willingness_continue"": 4, ""overall_satisfaction"": 4, ""emotions"": [""Comfortable""], ""comments"": """", ""submitted_at"": ""2026-09-15T20:03:12"", ""condition_code"": ""F"", ""condition_order"": 6, ""latin_square_sequence"": 3, ""model_size"": ""medium"", ""model_name"": ""google/gemma-4-31b-it"", ""topic_interest"": ""high"", ""personality_context_enabled"": false}",2026-09-15T20:03:12
5685a7c7-25c1-4fff-bc67-9a9946fd63a5,P-482AABB718,H,7,"{""engagement"": 4, ""naturalness"": 4, ""responsiveness"": 4, ""coherence"": 5, ""topic_consistency"": 5, ""willingness_continue"": 5, ""overall_satisfaction"": 5, ""emotions"": [""Engaged"", ""Curious"", ""Comfortable""], ""comments"": """", ""submitted_at"": ""2026-09-15T20:14:56"", ""condition_code"": ""H"", ""condition_order"": 7, ""latin_square_sequence"": 3, ""model_size"": ""medium"", ""model_name"": ""google/gemma-4-31b-it"", ""topic_interest"": ""low"", ""personality_context_enabled"": false}",2026-09-15T20:14:56
bc62c0c4-a414-4f6b-9ce3-9645688cb7ab,P-482AABB718,G,8,"{""engagement"": 4, ""naturalness"": 4, ""responsiveness"": 3, ""coherence"": 3, ""topic_consistency"": 4, ""willingness_continue"": 4, ""overall_satisfaction"": 3, ""emotions"": [""Interested"", ""Confused"", ""Frustrated""], ""comments"": """", ""submitted_at"": ""2026-09-15T20:27:23"", ""condition_code"": ""G"", ""condition_order"": 8, ""latin_square_sequence"": 3, ""model_size"": ""medium"", ""model_name"": ""google/gemma-4-31b-it"", ""topic_interest"": ""low"", ""personality_context_enabled"": true}",2026-09-15T20:27:23
831bbd5d-d206-4ce9-a35e-0b514348ee57,P-4CD2E82E33,G,1,"{""engagement"": 4, ""naturalness"": 4, ""responsiveness"": 4, ""coherence"": 4, ""topic_consistency"": 4, ""willingness_continue"": 4, ""overall_satisfaction"": 4, ""emotions"": [""Interested"", ""Engaged"", ""Comfortable""], ""comments"": """", ""submitted_at"": ""2026-09-15T19:43:24"", ""condition_code"": ""G"", ""condition_order"": 1, ""latin_square_sequence"": 7, ""model_size"": ""medium"", ""model_name"": ""google/gemma-4-31b-it"", ""topic_interest"": ""low"", ""personality_context_enabled"": true}",2026-09-15T19:43:24
2b7deb32-06c2-49b6-871a-e3b27437ab86,P-4CD2E82E33,H,2,"{""engagement"": 4, ""naturalness"": 4, ""responsiveness"": 4, ""coherence"": 4, ""topic_consistency"": 4, ""willingness_continue"": 4, ""overall_satisfaction"": 4, ""emotions"": [""Curious"", ""Comfortable""], ""comments"": """", ""submitted_at"": ""2026-09-15T19:49:11"", ""condition_code"": ""H"", ""condition_order"": 2, ""latin_square_sequence"": 7, ""model_size"": ""medium"", ""model_name"": ""google/gemma-4-31b-it"", ""topic_interest"": ""low"", ""personality_context_enabled"": false}",2026-09-15T19:49:11
614b7f53-8cb0-48cb-8a64-d079599d631a,P-4CD2E82E33,F,3,"{""engagement"": 5, ""naturalness"": 4, ""responsiveness"": 4, ""coherence"": 5, ""topic_consistency"": 4, ""willingness_continue"": 3, ""overall_satisfaction"": 5, ""emotions"": [""Interested"", ""Comfortable""], ""comments"": """", ""submitted_at"": ""2026-09-16T06:50:58"", ""condition_code"": ""F"", ""condition_order"": 3, ""latin_square_sequence"": 7, ""model_size"": ""medium"", ""model_name"": ""google/gemma-4-31b-it"", ""topic_interest"": ""high"", ""personality_context_enabled"": false}",2026-09-16T06:50:58
7153a645-68da-4cf0-8a1d-4b9666eaf403,P-4CD2E82E33,A,4,"{""engagement"": 5, ""naturalness"": 4, ""responsiveness"": 5, ""coherence"": 5, ""topic_consistency"": 4, ""willingness_continue"": 5, ""overall_satisfaction"": 5, ""emotions"": [""Engaged"", ""Comfortable""], ""comments"": """", ""submitted_at"": ""2026-09-16T07:07:46"", ""condition_code"": ""A"", ""condition_order"": 4, ""latin_square_sequence"": 7, ""model_size"": ""small"", ""model_name"": ""google/gemma-3-4b-it"", ""topic_interest"": ""high"", ""personality_context_enabled"": true}",2026-09-16T07:07:46
e162d12b-fbe9-41f9-85e7-a5a167e2fb9d,P-4CD2E82E33,E,5,"{""engagement"": 3, ""naturalness"": 4, ""responsiveness"": 4, ""coherence"": 5, ""topic_consistency"": 4, ""willingness_continue"": 5, ""overall_satisfaction"": 4, ""emotions"": [""Comfortable""], ""comments"": """", ""submitted_at"": ""2026-09-16T07:25:02"", ""condition_code"": ""E"", ""condition_order"": 5, ""latin_square_sequence"": 7, ""model_size"": ""medium"", ""model_name"": ""google/gemma-4-31b-it"", ""topic_interest"": ""high"", ""personality_context_enabled"": true}",2026-09-16T07:25:02
ff2513b7-c7c1-4099-8374-328f93216759,P-4CD2E82E33,B,6,"{""engagement"": 5, ""naturalness"": 5, ""responsiveness"": 4, ""coherence"": 4, ""topic_consistency"": 5, ""willingness_continue"": 5, ""overall_satisfaction"": 4, ""emotions"": [""Engaged"", ""Comfortable""], ""comments"": """", ""submitted_at"": ""2026-09-16T10:46:44"", ""condition_code"": ""B"", ""condition_order"": 6, ""latin_square_sequence"": 7, ""model_size"": ""small"", ""model_name"": ""google/gemma-3-4b-it"", ""topic_interest"": ""high"", ""personality_context_enabled"": false}",2026-09-16T10:46:44
0618fbf2-2e23-4916-9068-f924e22a2f5c,P-4CD2E82E33,D,7,"{""engagement"": 5, ""naturalness"": 4, ""responsiveness"": 3, ""coherence"": 3, ""topic_consistency"": 4, ""willingness_continue"": 5, ""overall_satisfaction"": 5, ""emotions"": [""Comfortable"", ""Bored""], ""comments"": """", ""submitted_at"": ""2026-09-16T10:54:59"", ""condition_code"": ""D"", ""condition_order"": 7, ""latin_square_sequence"": 7, ""model_size"": ""small"", ""model_name"": ""google/gemma-3-4b-it"", ""topic_interest"": ""low"", ""personality_context_enabled"": false}",2026-09-16T10:54:59
ee74464c-78dc-43cc-99f7-dbe12df44e89,P-4CD2E82E33,C,8,"{""engagement"": 5, ""naturalness"": 4, ""responsiveness"": 3, ""coherence"": 3, ""topic_consistency"": 3, ""willingness_continue"": 5, ""overall_satisfaction"": 4, ""emotions"": [], ""comments"": """", ""submitted_at"": ""2026-09-16T11:02:31"", ""condition_code"": ""C"", ""condition_order"": 8, ""latin_square_sequence"": 7, ""model_size"": ""small"", ""model_name"": ""google/gemma-3-4b-it"", ""topic_interest"": ""low"", ""personality_context_enabled"": true}",2026-09-16T11:02:31
dd852c14-d08a-4d88-ba1b-c6502e6d5bb5,P-624C8AC269,F,1,"{""engagement"": 4, ""naturalness"": 4, ""responsiveness"": 4, ""coherence"": 5, ""topic_consistency"": 5, ""willingness_continue"": 4, ""overall_satisfaction"": 5, ""emotions"": [""Interested"", ""Engaged""], ""comments"": """", ""submitted_at"": ""2026-09-18T09:49:54"", ""condition_code"": ""F"", ""condition_order"": 1, ""latin_square_sequence"": 6, ""model_size"": ""medium"", ""model_name"": ""google/gemma-4-31b-it"", ""topic_interest"": ""high"", ""personality_context_enabled"": false}",2026-09-18T09:49:54
d89dbd72-a7dd-4c6c-bb46-8e4b5001282f,P-624C8AC269,G,2,"{""engagement"": 5, ""naturalness"": 4, ""responsiveness"": 4, ""coherence"": 4, ""topic_consistency"": 5, ""willingness_continue"": 3, ""overall_satisfaction"": 3, ""emotions"": [""Curious""], ""comments"": """", ""submitted_at"": ""2026-09-18T09:58:03"", ""condition_code"": ""G"", ""condition_order"": 2, ""latin_square_sequence"": 6, ""model_size"": ""medium"", ""model_name"": ""google/gemma-4-31b-it"", ""topic_interest"": ""low"", ""personality_context_enabled"": true}",2026-09-18T09:58:03
30d5789e-83a4-4199-89de-c4c43af87535,P-624C8AC269,E,3,"{""engagement"": 5, ""naturalness"": 4, ""responsiveness"": 4, ""coherence"": 5, ""topic_consistency"": 5, ""willingness_continue"": 5, ""overall_satisfaction"": 4, ""emotions"": [""Engaged""], ""comments"": """", ""submitted_at"": ""2026-09-18T10:08:48"", ""condition_code"": ""E"", ""condition_order"": 3, ""latin_square_sequence"": 6, ""model_size"": ""medium"", ""model_name"": ""google/gemma-4-31b-it"", ""topic_interest"": ""high"", ""personality_context_enabled"": true}",2026-09-18T10:08:48
d70d268e-d2f3-4ef1-b6ea-1a34a0b6f2ba,P-624C8AC269,H,4,"{""engagement"": 3, ""naturalness"": 4, ""responsiveness"": 3, ""coherence"": 4, ""topic_consistency"": 5, ""willingness_continue"": 4, ""overall_satisfaction"": 4, ""emotions"": [""Curious""], ""comments"": """", ""submitted_at"": ""2026-09-18T10:16:47"", ""condition_code"": ""H"", ""condition_order"": 4, ""latin_square_sequence"": 6, ""model_size"": ""medium"", ""model_name"": ""google/gemma-4-31b-it"", ""topic_interest"": ""low"", ""personality_context_enabled"": false}",2026-09-18T10:16:47
2165338d-c164-4c07-8899-3e7726c91688,P-624C8AC269,D,5,"{""engagement"": 4, ""naturalness"": 4, ""responsiveness"": 3, ""coherence"": 3, ""topic_consistency"": 3, ""willingness_continue"": 4, ""overall_satisfaction"": 4, ""emotions"": [""Interested""], ""comments"": """", ""submitted_at"": ""2026-09-18T14:26:21"", ""condition_code"": ""D"", ""condition_order"": 5, ""latin_square_sequence"": 6, ""model_size"": ""small"", ""model_name"": ""google/gemma-3-4b-it"", ""topic_interest"": ""low"", ""personality_context_enabled"": false}",2026-09-18T14:26:21
6a236757-62c4-46a0-a0c6-0c6affc4fc35,P-624C8AC269,A,6,"{""engagement"": 2, ""naturalness"": 3, ""responsiveness"": 4, ""coherence"": 2, ""topic_consistency"": 4, ""willingness_continue"": 3, ""overall_satisfaction"": 4, ""emotions"": [""Confused"", ""Bored""], ""comments"": """", ""submitted_at"": ""2026-09-18T14:32:40"", ""condition_code"": ""A"", ""condition_order"": 6, ""latin_square_sequence"": 6, ""model_size"": ""small"", ""model_name"": ""google/gemma-3-4b-it"", ""topic_interest"": ""high"", ""personality_context_enabled"": true}",2026-09-18T14:32:40
bc582388-5b08-404e-a5f9-6b8a9dc89ba5,P-624C8AC269,C,7,"{""engagement"": 2, ""naturalness"": 2, ""responsiveness"": 2, ""coherence"": 3, ""topic_consistency"": 2, ""willingness_continue"": 2, ""overall_satisfaction"": 3, ""emotions"": [""Confused"", ""Bored""], ""comments"": """", ""submitted_at"": ""2026-09-18T14:38:19"", ""condition_code"": ""C"", ""condition_order"": 7, ""latin_square_sequence"": 6, ""model_size"": ""small"", ""model_name"": ""google/gemma-3-4b-it"", ""topic_interest"": ""low"", ""personality_context_enabled"": true}",2026-09-18T14:38:19
59c5141f-f926-4261-a1a5-0df619fb8093,P-624C8AC269,B,8,"{""engagement"": 1, ""naturalness"": 2, ""responsiveness"": 4, ""coherence"": 3, ""topic_consistency"": 1, ""willingness_continue"": 1, ""overall_satisfaction"": 2, ""emotions"": [""Confused"", ""Bored""], ""comments"": """", ""submitted_at"": ""2026-09-18T14:43:11"", ""condition_code"": ""B"", ""condition_order"": 8, ""latin_square_sequence"": 6, ""model_size"": ""small"", ""model_name"": ""google/gemma-3-4b-it"", ""topic_interest"": ""high"", ""personality_context_enabled"": false}",2026-09-18T14:43:11
a5437b85-b124-4bf3-b030-4fb2e56ddb82,P-645F09EEB6,B,1,"{""engagement"": 3, ""naturalness"": 2, ""responsiveness"": 4, ""coherence"": 3, ""topic_consistency"": 4, ""willingness_continue"": 2, ""overall_satisfaction"": 3, ""emotions"": [""Curious"", ""Bored""], ""comments"": """", ""submitted_at"": ""2026-09-20T08:54:21"", ""condition_code"": ""B"", ""condition_order"": 1, ""latin_square_sequence"": 2, ""model_size"": ""small"", ""model_name"": ""google/gemma-3-4b-it"", ""topic_interest"": ""high"", ""personality_context_enabled"": false}",2026-09-20T08:54:21
f0d8fce1-ddbf-485d-a347-fe5348f742c4,P-645F09EEB6,C,2,"{""engagement"": 3, ""naturalness"": 3, ""responsiveness"": 4, ""coherence"": 4, ""topic_consistency"": 3, ""willingness_continue"": 3, ""overall_satisfaction"": 3, ""emotions"": [""Neutral""], ""comments"": """", ""submitted_at"": ""2026-09-20T09:00:26"", ""condition_code"": ""C"", ""condition_order"": 2, ""latin_square_sequence"": 2, ""model_size"": ""small"", ""model_name"": ""google/gemma-3-4b-it"", ""topic_interest"": ""low"", ""personality_context_enabled"": true}",2026-09-20T09:00:26
6e2e1ec1-6e20-4380-88ca-0e87063d16ee,P-645F09EEB6,A,3,"{""engagement"": 2, ""naturalness"": 3, ""responsiveness"": 3, ""coherence"": 3, ""topic_consistency"": 2, ""willingness_continue"": 2, ""overall_satisfaction"": 3, ""emotions"": [""Confused"", ""Bored""], ""comments"": """", ""submitted_at"": ""2026-09-20T09:05:43"", ""condition_code"": ""A"", ""condition_order"": 3, ""latin_square_sequence"": 2, ""model_size"": ""small"", ""model_name"": ""google/gemma-3-4b-it"", ""topic_interest"": ""high"", ""personality_context_enabled"": true}",2026-09-20T09:05:43
c5200267-a812-4b63-9284-ed124a701afb,P-645F09EEB6,D,4,"{""engagement"": 2, ""naturalness"": 2, ""responsiveness"": 2, ""coherence"": 2, ""topic_consistency"": 1, ""willingness_continue"": 2, ""overall_satisfaction"": 3, ""emotions"": [""Confused"", ""Bored""], ""comments"": """", ""submitted_at"": ""2026-09-20T09:10:44"", ""condition_code"": ""D"", ""condition_order"": 4, ""latin_square_sequence"": 2, ""model_size"": ""small"", ""model_name"": ""google/gemma-3-4b-it"", ""topic_interest"": ""low"", ""personality_context_enabled"": false}",2026-09-20T09:10:44
2f8a2c56-2044-4d02-ab5b-81d02305a1a7,P-645F09EEB6,H,5,"{""engagement"": 4, ""naturalness"": 4, ""responsiveness"": 4, ""coherence"": 4, ""topic_consistency"": 4, ""willingness_continue"": 4, ""overall_satisfaction"": 4, ""emotions"": [""Interested"", ""Engaged""], ""comments"": """", ""submitted_at"": ""2026-09-20T09:21:22"", ""condition_code"": ""H"", ""condition_order"": 5, ""latin_square_sequence"": 2, ""model_size"": ""medium"", ""model_name"": ""google/gemma-4-31b-it"", ""topic_interest"": ""low"", ""personality_context_enabled"": false}",2026-09-20T09:21:22
7f486bad-467c-48ec-bd8b-736b1d391ed3,P-645F09EEB6,E,6,"{""engagement"": 4, ""naturalness"": 4, ""responsiveness"": 4, ""coherence"": 5, ""topic_consistency"": 5, ""willingness_continue"": 5, ""overall_satisfaction"": 5, ""emotions"": [""Interested"", ""Engaged""], ""comments"": """", ""submitted_at"": ""2026-09-20T09:31:41"", ""condition_code"": ""E"", ""condition_order"": 6, ""latin_square_sequence"": 2, ""model_size"": ""medium"", ""model_name"": ""google/gemma-4-31b-it"", ""topic_interest"": ""high"", ""personality_context_enabled"": true}",2026-09-20T09:31:41
71a6d111-35b5-4946-828a-5009c04e774d,P-645F09EEB6,G,7,"{""engagement"": 5, ""naturalness"": 5, ""responsiveness"": 5, ""coherence"": 5, ""topic_consistency"": 5, ""willingness_continue"": 5, ""overall_satisfaction"": 5, ""emotions"": [""Interested"", ""Comfortable""], ""comments"": """", ""submitted_at"": ""2026-09-20T09:42:00"", ""condition_code"": ""G"", ""condition_order"": 7, ""latin_square_sequence"": 2, ""model_size"": ""medium"", ""model_name"": ""google/gemma-4-31b-it"", ""topic_interest"": ""low"", ""personality_context_enabled"": true}",2026-09-20T09:42:00
cb6faf90-f3dd-4255-a8f4-0861d48719f9,P-645F09EEB6,F,8,"{""engagement"": 4, ""naturalness"": 4, ""responsiveness"": 4, ""coherence"": 4, ""topic_consistency"": 5, ""willingness_continue"": 5, ""overall_satisfaction"": 5, ""emotions"": [""Interested"", ""Engaged""], ""comments"": """", ""submitted_at"": ""2026-09-20T09:51:43"", ""condition_code"": ""F"", ""condition_order"": 8, ""latin_square_sequence"": 2, ""model_size"": ""medium"", ""model_name"": ""google/gemma-4-31b-it"", ""topic_interest"": ""high"", ""personality_context_enabled"": false}",2026-09-20T09:51:43
124de899-93a6-44df-a38b-cc0a7f2081bc,P-6742519DE7,E,1,"{""engagement"": 5, ""naturalness"": 5, ""responsiveness"": 5, ""coherence"": 4, ""topic_consistency"": 4, ""willingness_continue"": 4, ""overall_satisfaction"": 5, ""emotions"": [""Interested"", ""Engaged""], ""comments"": """", ""submitted_at"": ""2026-09-15T16:52:12"", ""condition_code"": ""E"", ""condition_order"": 1, ""latin_square_sequence"": 5, ""model_size"": ""medium"", ""model_name"": ""google/gemma-4-31b-it"", ""topic_interest"": ""high"", ""personality_context_enabled"": true}",2026-09-15T16:52:12
9cb32f9d-8a8a-42a3-a8dc-87c611a7dfbc,P-6742519DE7,F,2,"{""engagement"": 5, ""naturalness"": 4, ""responsiveness"": 4, ""coherence"": 4, ""topic_consistency"": 4, ""willingness_continue"": 4, ""overall_satisfaction"": 4, ""emotions"": [""Comfortable""], ""comments"": """", ""submitted_at"": ""2026-09-15T16:59:09"", ""condition_code"": ""F"", ""condition_order"": 2, ""latin_square_sequence"": 5, ""model_size"": ""medium"", ""model_name"": ""google/gemma-4-31b-it"", ""topic_interest"": ""high"", ""personality_context_enabled"": false}",2026-09-15T16:59:09
76fbc531-0b95-4091-8391-7c6cf4b1bb8c,P-6742519DE7,D,3,"{""engagement"": 4, ""naturalness"": 4, ""responsiveness"": 4, ""coherence"": 5, ""topic_consistency"": 5, ""willingness_continue"": 5, ""overall_satisfaction"": 5, ""emotions"": [""Engaged"", ""Comfortable""], ""comments"": """", ""submitted_at"": ""2026-09-15T17:05:36"", ""condition_code"": ""D"", ""condition_order"": 3, ""latin_square_sequence"": 5, ""model_size"": ""small"", ""model_name"": ""google/gemma-3-4b-it"", ""topic_interest"": ""low"", ""personality_context_enabled"": false}",2026-09-15T17:05:36
a0ffdcf1-aeb9-4ace-b7ae-0a2d50e55ed2,P-6742519DE7,G,4,"{""engagement"": 5, ""naturalness"": 5, ""responsiveness"": 5, ""coherence"": 5, ""topic_consistency"": 5, ""willingness_continue"": 5, ""overall_satisfaction"": 5, ""emotions"": [""Neutral""], ""comments"": """", ""submitted_at"": ""2026-09-15T17:10:45"", ""condition_code"": ""G"", ""condition_order"": 4, ""latin_square_sequence"": 5, ""model_size"": ""medium"", ""model_name"": ""google/gemma-4-31b-it"", ""topic_interest"": ""low"", ""personality_context_enabled"": true}",2026-09-15T17:10:45
23397f83-fc2b-4b78-90da-8dab5a77d2f7,P-6742519DE7,C,5,"{""engagement"": 5, ""naturalness"": 5, ""responsiveness"": 5, ""coherence"": 5, ""topic_consistency"": 5, ""willingness_continue"": 5, ""overall_satisfaction"": 5, ""emotions"": [""Engaged""], ""comments"": """", ""submitted_at"": ""2026-09-15T17:16:18"", ""condition_code"": ""C"", ""condition_order"": 5, ""latin_square_sequence"": 5, ""model_size"": ""small"", ""model_name"": ""google/gemma-3-4b-it"", ""topic_interest"": ""low"", ""personality_context_enabled"": true}",2026-09-15T17:16:18
b2badcd3-6c76-45cc-b6d3-9ea02178721c,P-6742519DE7,H,6,"{""engagement"": 5, ""naturalness"": 5, ""responsiveness"": 5, ""coherence"": 5, ""topic_consistency"": 5, ""willingness_continue"": 5, ""overall_satisfaction"": 4, ""emotions"": [""Engaged""], ""comments"": """", ""submitted_at"": ""2026-09-15T17:21:59"", ""condition_code"": ""H"", ""condition_order"": 6, ""latin_square_sequence"": 5, ""model_size"": ""medium"", ""model_name"": ""google/gemma-4-31b-it"", ""topic_interest"": ""low"", ""personality_context_enabled"": false}",2026-09-15T17:21:59
f6c03e4a-7931-4869-9c09-8c4e2e495198,P-6742519DE7,B,7,"{""engagement"": 3, ""naturalness"": 4, ""responsiveness"": 5, ""coherence"": 5, ""topic_consistency"": 3, ""willingness_continue"": 5, ""overall_satisfaction"": 4, ""emotions"": [""Engaged"", ""Comfortable""], ""comments"": """", ""submitted_at"": ""2026-09-15T18:06:45"", ""condition_code"": ""B"", ""condition_order"": 7, ""latin_square_sequence"": 5, ""model_size"": ""small"", ""model_name"": ""google/gemma-3-4b-it"", ""topic_interest"": ""high"", ""personality_context_enabled"": false}",2026-09-15T18:06:45
b6dac73a-2022-4d53-9950-f3df0564bd47,P-6742519DE7,A,8,"{""engagement"": 5, ""naturalness"": 4, ""responsiveness"": 4, ""coherence"": 5, ""topic_consistency"": 4, ""willingness_continue"": 5, ""overall_satisfaction"": 4, ""emotions"": [""Engaged"", ""Curious"", ""Comfortable""], ""comments"": """", ""submitted_at"": ""2026-09-15T18:13:52"", ""condition_code"": ""A"", ""condition_order"": 8, ""latin_square_sequence"": 5, ""model_size"": ""small"", ""model_name"": ""google/gemma-3-4b-it"", ""topic_interest"": ""high"", ""personality_context_enabled"": true}",2026-09-15T18:13:52
7175e936-35e5-4ee0-aa22-51f3de4ce15c,P-6EEA879104,D,1,"{""engagement"": 4, ""naturalness"": 3, ""responsiveness"": 4, ""coherence"": 4, ""topic_consistency"": 2, ""willingness_continue"": 3, ""overall_satisfaction"": 4, ""emotions"": [""Comfortable""], ""comments"": """", ""submitted_at"": ""2026-09-15T10:10:39"", ""condition_code"": ""D"", ""condition_order"": 1, ""latin_square_sequence"": 4, ""model_size"": ""small"", ""model_name"": ""google/gemma-3-4b-it"", ""topic_interest"": ""low"", ""personality_context_enabled"": false}",2026-09-15T10:10:39
48c1fa15-a733-4c97-bb00-aba78135c957,P-6EEA879104,E,2,"{""engagement"": 3, ""naturalness"": 4, ""responsiveness"": 3, ""coherence"": 3, ""topic_consistency"": 5, ""willingness_continue"": 4, ""overall_satisfaction"": 3, ""emotions"": [""Comfortable"", ""Confused""], ""comments"": """", ""submitted_at"": ""2026-09-15T10:17:40"", ""condition_code"": ""E"", ""condition_order"": 2, ""latin_square_sequence"": 4, ""model_size"": ""medium"", ""model_name"": ""google/gemma-4-31b-it"", ""topic_interest"": ""high"", ""personality_context_enabled"": true}",2026-09-15T10:17:40
0a627625-cee4-4bef-b98a-b71568c8fadb,P-6EEA879104,C,3,"{""engagement"": 5, ""naturalness"": 5, ""responsiveness"": 5, ""coherence"": 4, ""topic_consistency"": 5, ""willingness_continue"": 2, ""overall_satisfaction"": 5, ""emotions"": [""Interested""], ""comments"": """", ""submitted_at"": ""2026-09-15T10:25:25"", ""condition_code"": ""C"", ""condition_order"": 3, ""latin_square_sequence"": 4, ""model_size"": ""small"", ""model_name"": ""google/gemma-3-4b-it"", ""topic_interest"": ""low"", ""personality_context_enabled"": true}",2026-09-15T10:25:25
b2fa76d9-f282-4eeb-bd75-9a27cd0a0f06,P-6EEA879104,F,4,"{""engagement"": 4, ""naturalness"": 3, ""responsiveness"": 2, ""coherence"": 3, ""topic_consistency"": 5, ""willingness_continue"": 4, ""overall_satisfaction"": 3, ""emotions"": [""Comfortable""], ""comments"": """", ""submitted_at"": ""2026-09-15T10:32:06"", ""condition_code"": ""F"", ""condition_order"": 4, ""latin_square_sequence"": 4, ""model_size"": ""medium"", ""model_name"": ""google/gemma-4-31b-it"", ""topic_interest"": ""high"", ""personality_context_enabled"": false}",2026-09-15T10:32:06
d4951c2d-fe4f-4794-b02d-0f2943cac82e,P-6EEA879104,B,5,"{""engagement"": 4, ""naturalness"": 4, ""responsiveness"": 3, ""coherence"": 3, ""topic_consistency"": 3, ""willingness_continue"": 4, ""overall_satisfaction"": 3, ""emotions"": [""Interested"", ""Engaged"", ""Neutral""], ""comments"": """", ""submitted_at"": ""2026-09-15T10:39:49"", ""condition_code"": ""B"", ""condition_order"": 5, ""latin_square_sequence"": 4, ""model_size"": ""small"", ""model_name"": ""google/gemma-3-4b-it"", ""topic_interest"": ""high"", ""personality_context_enabled"": false}",2026-09-15T10:39:49
745742c4-a049-43fc-a82b-9c0ba1a4fd0e,P-6EEA879104,G,6,"{""engagement"": 4, ""naturalness"": 4, ""responsiveness"": 4, ""coherence"": 4, ""topic_consistency"": 4, ""willingness_continue"": 4, ""overall_satisfaction"": 4, ""emotions"": [""Interested"", ""Engaged"", ""Comfortable""], ""comments"": """", ""submitted_at"": ""2026-09-15T10:45:24"", ""condition_code"": ""G"", ""condition_order"": 6, ""latin_square_sequence"": 4, ""model_size"": ""medium"", ""model_name"": ""google/gemma-4-31b-it"", ""topic_interest"": ""low"", ""personality_context_enabled"": true}",2026-09-15T10:45:24
ac63c39b-bf87-456a-892f-aa5568e6791c,P-6EEA879104,A,7,"{""engagement"": 3, ""naturalness"": 3, ""responsiveness"": 4, ""coherence"": 3, ""topic_consistency"": 5, ""willingness_continue"": 5, ""overall_satisfaction"": 4, ""emotions"": [""Interested"", ""Engaged"", ""Curious"", ""Confused""], ""comments"": """", ""submitted_at"": ""2026-09-15T10:50:34"", ""condition_code"": ""A"", ""condition_order"": 7, ""latin_square_sequence"": 4, ""model_size"": ""small"", ""model_name"": ""google/gemma-3-4b-it"", ""topic_interest"": ""high"", ""personality_context_enabled"": true}",2026-09-15T10:50:34
1d862d0c-7b6e-489e-8b1e-86d0660bdd23,P-6EEA879104,H,8,"{""engagement"": 4, ""naturalness"": 4, ""responsiveness"": 4, ""coherence"": 4, ""topic_consistency"": 4, ""willingness_continue"": 4, ""overall_satisfaction"": 5, ""emotions"": [""Interested"", ""Comfortable""], ""comments"": """", ""submitted_at"": ""2026-09-15T10:56:43"", ""condition_code"": ""H"", ""condition_order"": 8, ""latin_square_sequence"": 4, ""model_size"": ""medium"", ""model_name"": ""google/gemma-4-31b-it"", ""topic_interest"": ""low"", ""personality_context_enabled"": false}",2026-09-15T10:56:43
cae37ce6-7782-466e-915e-5102bea99374,P-9E130A1DDC,A,1,"{""engagement"": 4, ""naturalness"": 4, ""responsiveness"": 4, ""coherence"": 4, ""topic_consistency"": 5, ""willingness_continue"": 5, ""overall_satisfaction"": 4, ""emotions"": [""Interested"", ""Engaged"", ""Curious"", ""Comfortable""], ""comments"": """", ""submitted_at"": ""2026-09-15T11:05:34"", ""condition_code"": ""A"", ""condition_order"": 1, ""latin_square_sequence"": 1, ""model_size"": ""small"", ""model_name"": ""google/gemma-3-4b-it"", ""topic_interest"": ""high"", ""personality_context_enabled"": true}",2026-09-15T11:05:34
a1394928-6784-4fdd-8bd4-f5318d47f484,P-9E130A1DDC,B,2,"{""engagement"": 4, ""naturalness"": 2, ""responsiveness"": 3, ""coherence"": 4, ""topic_consistency"": 2, ""willingness_continue"": 3, ""overall_satisfaction"": 3, ""emotions"": [""Curious"", ""Confused""], ""comments"": """", ""submitted_at"": ""2026-09-15T12:15:55"", ""condition_code"": ""B"", ""condition_order"": 2, ""latin_square_sequence"": 1, ""model_size"": ""small"", ""model_name"": ""google/gemma-3-4b-it"", ""topic_interest"": ""high"", ""personality_context_enabled"": false}",2026-09-15T12:15:55
ba8fc33c-f60f-4509-93f4-2c01c04d480e,P-9E130A1DDC,H,3,"{""engagement"": 3, ""naturalness"": 3, ""responsiveness"": 3, ""coherence"": 3, ""topic_consistency"": 4, ""willingness_continue"": 4, ""overall_satisfaction"": 4, ""emotions"": [""Interested"", ""Engaged"", ""Curious""], ""comments"": """", ""submitted_at"": ""2026-09-15T12:20:42"", ""condition_code"": ""H"", ""condition_order"": 3, ""latin_square_sequence"": 1, ""model_size"": ""medium"", ""model_name"": ""google/gemma-4-31b-it"", ""topic_interest"": ""low"", ""personality_context_enabled"": false}",2026-09-15T12:20:42
0deb20b3-d7f2-4d2b-bf05-a046be08203f,P-9E130A1DDC,C,4,"{""engagement"": 3, ""naturalness"": 3, ""responsiveness"": 4, ""coherence"": 3, ""topic_consistency"": 3, ""willingness_continue"": 3, ""overall_satisfaction"": 4, ""emotions"": [""Curious"", ""Confused"", ""Frustrated""], ""comments"": """", ""submitted_at"": ""2026-09-15T13:14:31"", ""condition_code"": ""C"", ""condition_order"": 4, ""latin_square_sequence"": 1, ""model_size"": ""small"", ""model_name"": ""google/gemma-3-4b-it"", ""topic_interest"": ""low"", ""personality_context_enabled"": true}",2026-09-15T13:14:31
084844d9-1daf-44ec-97bd-4641faac86c7,P-9E130A1DDC,G,5,"{""engagement"": 4, ""naturalness"": 4, ""responsiveness"": 4, ""coherence"": 4, ""topic_consistency"": 4, ""willingness_continue"": 4, ""overall_satisfaction"": 4, ""emotions"": [""Interested"", ""Curious""], ""comments"": """", ""submitted_at"": ""2026-09-15T15:11:28"", ""condition_code"": ""G"", ""condition_order"": 5, ""latin_square_sequence"": 1, ""model_size"": ""medium"", ""model_name"": ""google/gemma-4-31b-it"", ""topic_interest"": ""low"", ""personality_context_enabled"": true}",2026-09-15T15:11:28
1758232e-7e8c-4ee7-adef-2d262f7da559,P-9E130A1DDC,D,6,"{""engagement"": 2, ""naturalness"": 3, ""responsiveness"": 3, ""coherence"": 3, ""topic_consistency"": 2, ""willingness_continue"": 3, ""overall_satisfaction"": 2, ""emotions"": [""Confused"", ""Frustrated""], ""comments"": """", ""submitted_at"": ""2026-09-15T15:16:32"", ""condition_code"": ""D"", ""condition_order"": 6, ""latin_square_sequence"": 1, ""model_size"": ""small"", ""model_name"": ""google/gemma-3-4b-it"", ""topic_interest"": ""low"", ""personality_context_enabled"": false}",2026-09-15T15:16:32
c68c7e91-9123-4114-9483-c96e1cdbd596,P-9E130A1DDC,F,7,"{""engagement"": 3, ""naturalness"": 4, ""responsiveness"": 4, ""coherence"": 4, ""topic_consistency"": 4, ""willingness_continue"": 4, ""overall_satisfaction"": 4, ""emotions"": [""Interested"", ""Engaged""], ""comments"": """", ""submitted_at"": ""2026-09-15T15:24:49"", ""condition_code"": ""F"", ""condition_order"": 7, ""latin_square_sequence"": 1, ""model_size"": ""medium"", ""model_name"": ""google/gemma-4-31b-it"", ""topic_interest"": ""high"", ""personality_context_enabled"": false}",2026-09-15T15:24:49
c43f4f08-af32-40a2-8790-09696e64ac8a,P-9E130A1DDC,E,8,"{""engagement"": 4, ""naturalness"": 4, ""responsiveness"": 4, ""coherence"": 4, ""topic_consistency"": 4, ""willingness_continue"": 4, ""overall_satisfaction"": 4, ""emotions"": [""Interested"", ""Engaged""], ""comments"": """", ""submitted_at"": ""2026-09-15T15:33:11"", ""condition_code"": ""E"", ""condition_order"": 8, ""latin_square_sequence"": 1, ""model_size"": ""medium"", ""model_name"": ""google/gemma-4-31b-it"", ""topic_interest"": ""high"", ""personality_context_enabled"": true}",2026-09-15T15:33:11
ff451ac5-4566-45cd-a246-4693d48247c2,P-A4880A1CE2,D,1,"{""engagement"": 4, ""naturalness"": 4, ""responsiveness"": 4, ""coherence"": 4, ""topic_consistency"": 4, ""willingness_continue"": 4, ""overall_satisfaction"": 4, ""emotions"": [""Interested"", ""Engaged""], ""comments"": """", ""submitted_at"": ""2026-09-16T20:26:21"", ""condition_code"": ""D"", ""condition_order"": 1, ""latin_square_sequence"": 4, ""model_size"": ""small"", ""model_name"": ""google/gemma-3-4b-it"", ""topic_interest"": ""low"", ""personality_context_enabled"": false}",2026-09-16T20:26:21
5cb5dc31-76ad-45ca-868a-24c8d4125c9b,P-A4880A1CE2,E,2,"{""engagement"": 4, ""naturalness"": 4, ""responsiveness"": 4, ""coherence"": 4, ""topic_consistency"": 4, ""willingness_continue"": 4, ""overall_satisfaction"": 4, ""emotions"": [""Curious"", ""Comfortable""], ""comments"": """", ""submitted_at"": ""2026-09-16T20:34:01"", ""condition_code"": ""E"", ""condition_order"": 2, ""latin_square_sequence"": 4, ""model_size"": ""medium"", ""model_name"": ""google/gemma-4-31b-it"", ""topic_interest"": ""high"", ""personality_context_enabled"": true}",2026-09-16T20:34:01
1e33cf05-593c-4644-aab1-1c6de3a62b09,P-A4880A1CE2,C,3,"{""engagement"": 5, ""naturalness"": 5, ""responsiveness"": 4, ""coherence"": 5, ""topic_consistency"": 5, ""willingness_continue"": 4, ""overall_satisfaction"": 5, ""emotions"": [""Interested"", ""Engaged""], ""comments"": """", ""submitted_at"": ""2026-09-17T08:09:40"", ""condition_code"": ""C"", ""condition_order"": 3, ""latin_square_sequence"": 4, ""model_size"": ""small"", ""model_name"": ""google/gemma-3-4b-it"", ""topic_interest"": ""low"", ""personality_context_enabled"": true}",2026-09-17T08:09:40
ab13cd71-1b00-4766-ab8d-abc2829406de,P-A4880A1CE2,F,4,"{""engagement"": 4, ""naturalness"": 4, ""responsiveness"": 3, ""coherence"": 3, ""topic_consistency"": 5, ""willingness_continue"": 4, ""overall_satisfaction"": 3, ""emotions"": [""Curious"", ""Comfortable""], ""comments"": """", ""submitted_at"": ""2026-09-17T08:20:34"", ""condition_code"": ""F"", ""condition_order"": 4, ""latin_square_sequence"": 4, ""model_size"": ""medium"", ""model_name"": ""google/gemma-4-31b-it"", ""topic_interest"": ""high"", ""personality_context_enabled"": false}",2026-09-17T08:20:34
b4a53b75-468f-4708-9dbd-f7f6b77dd7c0,P-A4880A1CE2,B,5,"{""engagement"": 4, ""naturalness"": 3, ""responsiveness"": 3, ""coherence"": 3, ""topic_consistency"": 4, ""willingness_continue"": 5, ""overall_satisfaction"": 5, ""emotions"": [""Comfortable""], ""comments"": """", ""submitted_at"": ""2026-09-17T12:12:32"", ""condition_code"": ""B"", ""condition_order"": 5, ""latin_square_sequence"": 4, ""model_size"": ""small"", ""model_name"": ""google/gemma-3-4b-it"", ""topic_interest"": ""high"", ""personality_context_enabled"": false}",2026-09-17T12:12:32
c5d2efd0-7797-4b38-b945-8a99c0093d24,P-A4880A1CE2,G,6,"{""engagement"": 5, ""naturalness"": 3, ""responsiveness"": 4, ""coherence"": 3, ""topic_consistency"": 5, ""willingness_continue"": 4, ""overall_satisfaction"": 4, ""emotions"": [""Engaged""], ""comments"": """", ""submitted_at"": ""2026-09-17T12:19:41"", ""condition_code"": ""G"", ""condition_order"": 6, ""latin_square_sequence"": 4, ""model_size"": ""medium"", ""model_name"": ""google/gemma-4-31b-it"", ""topic_interest"": ""low"", ""personality_context_enabled"": true}",2026-09-17T12:19:41
ad09c9d3-0354-4233-aa3b-c17ba32ced6e,P-A4880A1CE2,A,7,"{""engagement"": 4, ""naturalness"": 3, ""responsiveness"": 3, ""coherence"": 3, ""topic_consistency"": 4, ""willingness_continue"": 3, ""overall_satisfaction"": 5, ""emotions"": [""Comfortable""], ""comments"": """", ""submitted_at"": ""2026-09-17T12:26:30"", ""condition_code"": ""A"", ""condition_order"": 7, ""latin_square_sequence"": 4, ""model_size"": ""small"", ""model_name"": ""google/gemma-3-4b-it"", ""topic_interest"": ""high"", ""personality_context_enabled"": true}",2026-09-17T12:26:30
fa002c7b-e646-4aba-aca8-eb1a2d23ffce,P-A4880A1CE2,H,8,"{""engagement"": 5, ""naturalness"": 4, ""responsiveness"": 5, ""coherence"": 4, ""topic_consistency"": 5, ""willingness_continue"": 5, ""overall_satisfaction"": 5, ""emotions"": [""Engaged""], ""comments"": """", ""submitted_at"": ""2026-09-17T12:35:25"", ""condition_code"": ""H"", ""condition_order"": 8, ""latin_square_sequence"": 4, ""model_size"": ""medium"", ""model_name"": ""google/gemma-4-31b-it"", ""topic_interest"": ""low"", ""personality_context_enabled"": false}",2026-09-17T12:35:25
3aed2e8f-3cb6-4d20-8206-2506779c94b8,P-C6EF7782E8,A,1,"{""engagement"": 5, ""naturalness"": 4, ""responsiveness"": 4, ""coherence"": 3, ""topic_consistency"": 3, ""willingness_continue"": 4, ""overall_satisfaction"": 4, ""emotions"": [""Curious"", ""Comfortable""], ""comments"": """", ""submitted_at"": ""2026-09-16T11:58:38"", ""condition_code"": ""A"", ""condition_order"": 1, ""latin_square_sequence"": 1, ""model_size"": ""small"", ""model_name"": ""google/gemma-3-4b-it"", ""topic_interest"": ""high"", ""personality_context_enabled"": true}",2026-09-16T11:58:38
f98717c9-139c-4149-a89b-8f3b486d11ff,P-C6EF7782E8,B,2,"{""engagement"": 3, ""naturalness"": 3, ""responsiveness"": 3, ""coherence"": 3, ""topic_consistency"": 3, ""willingness_continue"": 3, ""overall_satisfaction"": 4, ""emotions"": [""Interested"", ""Curious"", ""Confused""], ""comments"": """", ""submitted_at"": ""2026-09-16T19:03:26"", ""condition_code"": ""B"", ""condition_order"": 2, ""latin_square_sequence"": 1, ""model_size"": ""small"", ""model_name"": ""google/gemma-3-4b-it"", ""topic_interest"": ""high"", ""personality_context_enabled"": false}",2026-09-16T19:03:26
4124b831-afa0-4c39-887f-1dc4109afb6d,P-C6EF7782E8,H,3,"{""engagement"": 4, ""naturalness"": 4, ""responsiveness"": 4, ""coherence"": 4, ""topic_consistency"": 4, ""willingness_continue"": 4, ""overall_satisfaction"": 4, ""emotions"": [""Engaged"", ""Comfortable""], ""comments"": """", ""submitted_at"": ""2026-09-16T19:09:46"", ""condition_code"": ""H"", ""condition_order"": 3, ""latin_square_sequence"": 1, ""model_size"": ""medium"", ""model_name"": ""google/gemma-4-31b-it"", ""topic_interest"": ""low"", ""personality_context_enabled"": false}",2026-09-16T19:09:46
11e41755-6493-435f-ade2-ef3ad395f237,P-C6EF7782E8,C,4,"{""engagement"": 4, ""naturalness"": 4, ""responsiveness"": 4, ""coherence"": 4, ""topic_consistency"": 4, ""willingness_continue"": 4, ""overall_satisfaction"": 4, ""emotions"": [""Comfortable""], ""comments"": """", ""submitted_at"": ""2026-09-16T19:37:34"", ""condition_code"": ""C"", ""condition_order"": 4, ""latin_square_sequence"": 1, ""model_size"": ""small"", ""model_name"": ""google/gemma-3-4b-it"", ""topic_interest"": ""low"", ""personality_context_enabled"": true}",2026-09-16T19:37:34
f7cb0162-9eb4-43e2-8980-da73cb89424c,P-C6EF7782E8,G,5,"{""engagement"": 4, ""naturalness"": 4, ""responsiveness"": 4, ""coherence"": 4, ""topic_consistency"": 4, ""willingness_continue"": 4, ""overall_satisfaction"": 4, ""emotions"": [""Interested""], ""comments"": """", ""submitted_at"": ""2026-09-16T19:46:55"", ""condition_code"": ""G"", ""condition_order"": 5, ""latin_square_sequence"": 1, ""model_size"": ""medium"", ""model_name"": ""google/gemma-4-31b-it"", ""topic_interest"": ""low"", ""personality_context_enabled"": true}",2026-09-16T19:46:55
5cd82ee0-2555-41df-9154-1d3e73b9d76c,P-C6EF7782E8,D,6,"{""engagement"": 2, ""naturalness"": 2, ""responsiveness"": 2, ""coherence"": 2, ""topic_consistency"": 3, ""willingness_continue"": 2, ""overall_satisfaction"": 3, ""emotions"": [""Confused"", ""Bored"", ""Frustrated""], ""comments"": """", ""submitted_at"": ""2026-09-16T19:56:20"", ""condition_code"": ""D"", ""condition_order"": 6, ""latin_square_sequence"": 1, ""model_size"": ""small"", ""model_name"": ""google/gemma-3-4b-it"", ""topic_interest"": ""low"", ""personality_context_enabled"": false}",2026-09-16T19:56:20
ebe48007-568b-4dd3-9317-e97d31f5710e,P-C6EF7782E8,F,7,"{""engagement"": 4, ""naturalness"": 4, ""responsiveness"": 4, ""coherence"": 4, ""topic_consistency"": 4, ""willingness_continue"": 4, ""overall_satisfaction"": 4, ""emotions"": [""Interested"", ""Comfortable"", ""Neutral""], ""comments"": """", ""submitted_at"": ""2026-09-16T20:05:53"", ""condition_code"": ""F"", ""condition_order"": 7, ""latin_square_sequence"": 1, ""model_size"": ""medium"", ""model_name"": ""google/gemma-4-31b-it"", ""topic_interest"": ""high"", ""personality_context_enabled"": false}",2026-09-16T20:05:53
c308f379-6001-496b-adbb-a76ef6ce30e6,P-C6EF7782E8,E,8,"{""engagement"": 4, ""naturalness"": 4, ""responsiveness"": 4, ""coherence"": 4, ""topic_consistency"": 4, ""willingness_continue"": 4, ""overall_satisfaction"": 4, ""emotions"": [""Engaged""], ""comments"": """", ""submitted_at"": ""2026-09-16T20:13:57"", ""condition_code"": ""E"", ""condition_order"": 8, ""latin_square_sequence"": 1, ""model_size"": ""medium"", ""model_name"": ""google/gemma-4-31b-it"", ""topic_interest"": ""high"", ""personality_context_enabled"": true}",2026-09-16T20:13:57
3f74decd-74fc-406d-833d-b9b3bce7708a,P-E83994D768,B,1,"{""engagement"": 5, ""naturalness"": 5, ""responsiveness"": 4, ""coherence"": 5, ""topic_consistency"": 5, ""willingness_continue"": 4, ""overall_satisfaction"": 5, ""emotions"": [""Interested"", ""Engaged""], ""comments"": """", ""submitted_at"": ""2026-09-15T07:23:33"", ""condition_code"": ""B"", ""condition_order"": 1, ""latin_square_sequence"": 2, ""model_size"": ""small"", ""model_name"": ""google/gemma-3-4b-it"", ""topic_interest"": ""high"", ""personality_context_enabled"": false}",2026-09-15T07:23:33
7a73ea55-1bcb-41ab-8c31-b75001f8a587,P-E83994D768,C,2,"{""engagement"": 4, ""naturalness"": 4, ""responsiveness"": 5, ""coherence"": 4, ""topic_consistency"": 5, ""willingness_continue"": 4, ""overall_satisfaction"": 4, ""emotions"": [""Comfortable""], ""comments"": """", ""submitted_at"": ""2026-09-15T07:29:44"", ""condition_code"": ""C"", ""condition_order"": 2, ""latin_square_sequence"": 2, ""model_size"": ""small"", ""model_name"": ""google/gemma-3-4b-it"", ""topic_interest"": ""low"", ""personality_context_enabled"": true}",2026-09-15T07:29:44
fe85e4c1-c24b-48ed-afcb-fe8853b5a58f,P-E83994D768,A,3,"{""engagement"": 3, ""naturalness"": 2, ""responsiveness"": 3, ""coherence"": 3, ""topic_consistency"": 1, ""willingness_continue"": 2, ""overall_satisfaction"": 3, ""emotions"": [""Bored"", ""Frustrated""], ""comments"": """", ""submitted_at"": ""2026-09-15T07:50:18"", ""condition_code"": ""A"", ""condition_order"": 3, ""latin_square_sequence"": 2, ""model_size"": ""small"", ""model_name"": ""google/gemma-3-4b-it"", ""topic_interest"": ""high"", ""personality_context_enabled"": true}",2026-09-15T07:50:18
c5794bc6-e3b7-46c8-948a-4f7276258720,P-E83994D768,D,4,"{""engagement"": 4, ""naturalness"": 4, ""responsiveness"": 3, ""coherence"": 5, ""topic_consistency"": 3, ""willingness_continue"": 4, ""overall_satisfaction"": 4, ""emotions"": [""Comfortable""], ""comments"": """", ""submitted_at"": ""2026-09-15T07:57:33"", ""condition_code"": ""D"", ""condition_order"": 4, ""latin_square_sequence"": 2, ""model_size"": ""small"", ""model_name"": ""google/gemma-3-4b-it"", ""topic_interest"": ""low"", ""personality_context_enabled"": false}",2026-09-15T07:57:33
17e02d4c-48b8-433a-9c72-65c0fd3dbe23,P-E83994D768,H,5,"{""engagement"": 3, ""naturalness"": 4, ""responsiveness"": 4, ""coherence"": 4, ""topic_consistency"": 4, ""willingness_continue"": 3, ""overall_satisfaction"": 5, ""emotions"": [""Bored""], ""comments"": """", ""submitted_at"": ""2026-09-15T08:04:48"", ""condition_code"": ""H"", ""condition_order"": 5, ""latin_square_sequence"": 2, ""model_size"": ""medium"", ""model_name"": ""google/gemma-4-31b-it"", ""topic_interest"": ""low"", ""personality_context_enabled"": false}",2026-09-15T08:04:48
f0a08a01-85a1-48c6-90e4-27254254a94f,P-E83994D768,E,6,"{""engagement"": 5, ""naturalness"": 3, ""responsiveness"": 4, ""coherence"": 5, ""topic_consistency"": 5, ""willingness_continue"": 4, ""overall_satisfaction"": 5, ""emotions"": [""Interested"", ""Engaged""], ""comments"": """", ""submitted_at"": ""2026-09-15T08:14:51"", ""condition_code"": ""E"", ""condition_order"": 6, ""latin_square_sequence"": 2, ""model_size"": ""medium"", ""model_name"": ""google/gemma-4-31b-it"", ""topic_interest"": ""high"", ""personality_context_enabled"": true}",2026-09-15T08:14:51
f4435bd9-c17a-4b61-93f0-05d4a4c68ca5,P-E83994D768,G,7,"{""engagement"": 4, ""naturalness"": 5, ""responsiveness"": 5, ""coherence"": 4, ""topic_consistency"": 4, ""willingness_continue"": 5, ""overall_satisfaction"": 4, ""emotions"": [""Neutral"", ""Bored""], ""comments"": """", ""submitted_at"": ""2026-09-15T08:22:20"", ""condition_code"": ""G"", ""condition_order"": 7, ""latin_square_sequence"": 2, ""model_size"": ""medium"", ""model_name"": ""google/gemma-4-31b-it"", ""topic_interest"": ""low"", ""personality_context_enabled"": true}",2026-09-15T08:22:20
0ab6d23d-1774-4635-8fb0-02b59297b8fb,P-E83994D768,F,8,"{""engagement"": 5, ""naturalness"": 4, ""responsiveness"": 3, ""coherence"": 4, ""topic_consistency"": 5, ""willingness_continue"": 4, ""overall_satisfaction"": 5, ""emotions"": [""Interested""], ""comments"": """", ""submitted_at"": ""2026-09-15T08:30:07"", ""condition_code"": ""F"", ""condition_order"": 8, ""latin_square_sequence"": 2, ""model_size"": ""medium"", ""model_name"": ""google/gemma-4-31b-it"", ""topic_interest"": ""high"", ""personality_context_enabled"": false}",2026-09-15T08:30:07
852c1b18-3854-49da-8155-fe61fdd6f0b0,P-EAA9A620E2,H,1,"{""engagement"": 4, ""naturalness"": 4, ""responsiveness"": 4, ""coherence"": 3, ""topic_consistency"": 4, ""willingness_continue"": 4, ""overall_satisfaction"": 4, ""emotions"": [""Interested"", ""Engaged""], ""comments"": """", ""submitted_at"": ""2026-09-15T07:24:51"", ""condition_code"": ""H"", ""condition_order"": 1, ""latin_square_sequence"": 8, ""model_size"": ""medium"", ""model_name"": ""google/gemma-4-31b-it"", ""topic_interest"": ""low"", ""personality_context_enabled"": false}",2026-09-15T07:24:51
f398ac8c-aebe-4849-a66d-639f1fb2d071,P-EAA9A620E2,A,2,"{""engagement"": 3, ""naturalness"": 3, ""responsiveness"": 3, ""coherence"": 3, ""topic_consistency"": 2, ""willingness_continue"": 3, ""overall_satisfaction"": 3, ""emotions"": [""Confused""], ""comments"": """", ""submitted_at"": ""2026-09-15T07:31:15"", ""condition_code"": ""A"", ""condition_order"": 2, ""latin_square_sequence"": 8, ""model_size"": ""small"", ""model_name"": ""google/gemma-3-4b-it"", ""topic_interest"": ""high"", ""personality_context_enabled"": true}",2026-09-15T07:31:15
8c2ad348-7d7f-4b3c-ae11-05f15f6f1151,P-EAA9A620E2,G,3,"{""engagement"": 4, ""naturalness"": 3, ""responsiveness"": 4, ""coherence"": 3, ""topic_consistency"": 4, ""willingness_continue"": 3, ""overall_satisfaction"": 3, ""emotions"": [""Interested"", ""Comfortable""], ""comments"": """", ""submitted_at"": ""2026-09-15T07:40:06"", ""condition_code"": ""G"", ""condition_order"": 3, ""latin_square_sequence"": 8, ""model_size"": ""medium"", ""model_name"": ""google/gemma-4-31b-it"", ""topic_interest"": ""low"", ""personality_context_enabled"": true}",2026-09-15T07:40:06
1f087a2f-4c55-4bbb-bf58-b8ee69b4c27b,P-EAA9A620E2,B,4,"{""engagement"": 4, ""naturalness"": 4, ""responsiveness"": 4, ""coherence"": 3, ""topic_consistency"": 4, ""willingness_continue"": 3, ""overall_satisfaction"": 4, ""emotions"": [""Comfortable"", ""Neutral""], ""comments"": """", ""submitted_at"": ""2026-09-15T07:51:25"", ""condition_code"": ""B"", ""condition_order"": 4, ""latin_square_sequence"": 8, ""model_size"": ""small"", ""model_name"": ""google/gemma-3-4b-it"", ""topic_interest"": ""high"", ""personality_context_enabled"": false}",2026-09-15T07:51:25
f1e125f0-66d2-4a35-b30e-b52b3059aa45,P-EAA9A620E2,F,5,"{""engagement"": 4, ""naturalness"": 4, ""responsiveness"": 4, ""coherence"": 4, ""topic_consistency"": 4, ""willingness_continue"": 4, ""overall_satisfaction"": 4, ""emotions"": [""Interested"", ""Engaged"", ""Comfortable""], ""comments"": """", ""submitted_at"": ""2026-09-15T07:57:43"", ""condition_code"": ""F"", ""condition_order"": 5, ""latin_square_sequence"": 8, ""model_size"": ""medium"", ""model_name"": ""google/gemma-4-31b-it"", ""topic_interest"": ""high"", ""personality_context_enabled"": false}",2026-09-15T07:57:43
e3ea3bd8-cbda-4d5e-9ba7-6ce01dd83e29,P-EAA9A620E2,C,6,"{""engagement"": 4, ""naturalness"": 4, ""responsiveness"": 3, ""coherence"": 4, ""topic_consistency"": 4, ""willingness_continue"": 4, ""overall_satisfaction"": 4, ""emotions"": [""Curious""], ""comments"": """", ""submitted_at"": ""2026-09-15T08:02:53"", ""condition_code"": ""C"", ""condition_order"": 6, ""latin_square_sequence"": 8, ""model_size"": ""small"", ""model_name"": ""google/gemma-3-4b-it"", ""topic_interest"": ""low"", ""personality_context_enabled"": true}",2026-09-15T08:02:53
4be2f953-a411-4c55-b636-6bfa7f4161a2,P-EAA9A620E2,E,7,"{""engagement"": 4, ""naturalness"": 4, ""responsiveness"": 4, ""coherence"": 4, ""topic_consistency"": 4, ""willingness_continue"": 4, ""overall_satisfaction"": 4, ""emotions"": [""Interested"", ""Neutral""], ""comments"": """", ""submitted_at"": ""2026-09-15T08:12:08"", ""condition_code"": ""E"", ""condition_order"": 7, ""latin_square_sequence"": 8, ""model_size"": ""medium"", ""model_name"": ""google/gemma-4-31b-it"", ""topic_interest"": ""high"", ""personality_context_enabled"": true}",2026-09-15T08:12:08
5bac2c86-2b75-418f-8703-de71b422e055,P-EAA9A620E2,D,8,"{""engagement"": 3, ""naturalness"": 4, ""responsiveness"": 3, ""coherence"": 4, ""topic_consistency"": 3, ""willingness_continue"": 3, ""overall_satisfaction"": 3, ""emotions"": [""Neutral""], ""comments"": """", ""submitted_at"": ""2026-09-15T09:21:57"", ""condition_code"": ""D"", ""condition_order"": 8, ""latin_square_sequence"": 8, ""model_size"": ""small"", ""model_name"": ""google/gemma-3-4b-it"", ""topic_interest"": ""low"", ""personality_context_enabled"": false}",2026-09-15T09:21:57
1d65132c-d7f9-49d7-8751-05b457e6b021,P-FB0E050FB9,F,1,"{""engagement"": 4, ""naturalness"": 3, ""responsiveness"": 4, ""coherence"": 5, ""topic_consistency"": 5, ""willingness_continue"": 4, ""overall_satisfaction"": 4, ""emotions"": [""Comfortable""], ""comments"": """", ""submitted_at"": ""2026-09-14T13:53:31"", ""condition_code"": ""F"", ""condition_order"": 1, ""latin_square_sequence"": 6, ""model_size"": ""medium"", ""model_name"": ""google/gemma-4-31b-it"", ""topic_interest"": ""high"", ""personality_context_enabled"": false}",2026-09-14T13:53:31
6a1cdc5b-cedc-4c3b-849d-f3992c16efb7,P-FB0E050FB9,G,2,"{""engagement"": 3, ""naturalness"": 3, ""responsiveness"": 2, ""coherence"": 3, ""topic_consistency"": 4, ""willingness_continue"": 2, ""overall_satisfaction"": 2, ""emotions"": [""Bored""], ""comments"": """", ""submitted_at"": ""2026-09-14T14:01:52"", ""condition_code"": ""G"", ""condition_order"": 2, ""latin_square_sequence"": 6, ""model_size"": ""medium"", ""model_name"": ""google/gemma-4-31b-it"", ""topic_interest"": ""low"", ""personality_context_enabled"": true}",2026-09-14T14:01:52
fe9c5ef6-f05a-4e44-8e83-078924c08e57,P-FB0E050FB9,E,3,"{""engagement"": 5, ""naturalness"": 4, ""responsiveness"": 4, ""coherence"": 3, ""topic_consistency"": 5, ""willingness_continue"": 3, ""overall_satisfaction"": 4, ""emotions"": [""Interested""], ""comments"": """", ""submitted_at"": ""2026-09-14T14:10:30"", ""condition_code"": ""E"", ""condition_order"": 3, ""latin_square_sequence"": 6, ""model_size"": ""medium"", ""model_name"": ""google/gemma-4-31b-it"", ""topic_interest"": ""high"", ""personality_context_enabled"": true}",2026-09-14T14:10:30
5e004b7c-9fd1-4cb2-8c40-dc58d634b02c,P-FB0E050FB9,H,4,"{""engagement"": 2, ""naturalness"": 3, ""responsiveness"": 4, ""coherence"": 4, ""topic_consistency"": 4, ""willingness_continue"": 3, ""overall_satisfaction"": 2, ""emotions"": [""Neutral""], ""comments"": """", ""submitted_at"": ""2026-09-14T14:18:47"", ""condition_code"": ""H"", ""condition_order"": 4, ""latin_square_sequence"": 6, ""model_size"": ""medium"", ""model_name"": ""google/gemma-4-31b-it"", ""topic_interest"": ""low"", ""personality_context_enabled"": false}",2026-09-14T14:18:47
a05e94a7-bcc0-4c7c-bdef-f79c169797f2,P-FB0E050FB9,D,5,"{""engagement"": 2, ""naturalness"": 4, ""responsiveness"": 3, ""coherence"": 4, ""topic_consistency"": 3, ""willingness_continue"": 4, ""overall_satisfaction"": 2, ""emotions"": [""Comfortable""], ""comments"": """", ""submitted_at"": ""2026-09-14T14:25:59"", ""condition_code"": ""D"", ""condition_order"": 5, ""latin_square_sequence"": 6, ""model_size"": ""small"", ""model_name"": ""google/gemma-3-4b-it"", ""topic_interest"": ""low"", ""personality_context_enabled"": false}",2026-09-14T14:25:59
5ba9b41d-921b-4231-87eb-77c8e69ead5b,P-FB0E050FB9,A,6,"{""engagement"": 2, ""naturalness"": 2, ""responsiveness"": 3, ""coherence"": 3, ""topic_consistency"": 1, ""willingness_continue"": 2, ""overall_satisfaction"": 3, ""emotions"": [""Frustrated""], ""comments"": """", ""submitted_at"": ""2026-09-14T14:34:47"", ""condition_code"": ""A"", ""condition_order"": 6, ""latin_square_sequence"": 6, ""model_size"": ""small"", ""model_name"": ""google/gemma-3-4b-it"", ""topic_interest"": ""high"", ""personality_context_enabled"": true}",2026-09-14T14:34:47
e540c615-ef43-4512-8e69-1d504a8356ce,P-FB0E050FB9,C,7,"{""engagement"": 3, ""naturalness"": 2, ""responsiveness"": 2, ""coherence"": 3, ""topic_consistency"": 1, ""willingness_continue"": 3, ""overall_satisfaction"": 4, ""emotions"": [""Neutral"", ""Bored""], ""comments"": """", ""submitted_at"": ""2026-09-14T14:41:04"", ""condition_code"": ""C"", ""condition_order"": 7, ""latin_square_sequence"": 6, ""model_size"": ""small"", ""model_name"": ""google/gemma-3-4b-it"", ""topic_interest"": ""low"", ""personality_context_enabled"": true}",2026-09-14T14:41:04
82b64a01-8e64-4138-8cee-625fcfbc7455,P-FB0E050FB9,B,8,"{""engagement"": 3, ""naturalness"": 2, ""responsiveness"": 4, ""coherence"": 3, ""topic_consistency"": 2, ""willingness_continue"": 4, ""overall_satisfaction"": 4, ""emotions"": [""Bored""], ""comments"": """", ""submitted_at"": ""2026-09-14T14:47:39"", ""condition_code"": ""B"", ""condition_order"": 8, ""latin_square_sequence"": 6, ""model_size"": ""small"", ""model_name"": ""google/gemma-3-4b-it"", ""topic_interest"": ""high"", ""personality_context_enabled"": false}",2026-09-14T14:47:39
