session_id,participant_id,conversation_order,latin_square_sequence,condition_code,condition_order,conversation_within_condition,topic_id,variation_id,topic_preference,model_size,model_name,personality_context_enabled,coherence,windowed_coherence,topic_consistency,novelty,turn_balance,token_balance,question_rate,engagement_score,engagement_sensitivity_no_turn_balance
c1e130c5-19fc-4cbd-b63b-0eb7ac5efc91,P-2644CBC033,1,3,C,1,1,T6,A,low,small,google/gemma-3-4b-it,1,0.6559503078460693,0.691699130968614,0.5421332245071729,0.34404969215393066,1.0,0.4,0.16666666666666666,0.5790281685464311,0.5322535206071456
00a64c26-fc04-4f39-9cd3-2f7ae316dba5,P-2644CBC033,2,3,C,1,2,T6,C,low,small,google/gemma-3-4b-it,1,0.6753204356540333,0.7178466753526167,0.531113363802433,0.3246795643459667,1.0,0.3013698630136986,0.08333333333333333,0.5756573847297466,0.5285082052552741
61420b66-ab8c-42f6-a586-b30c56896e1b,P-2644CBC033,3,3,D,2,1,T6,C,low,small,google/gemma-3-4b-it,0,0.6160450360991738,0.6717810901728544,0.5486655682325363,0.3839549639008262,1.0,0.23170731707317074,0.25,0.5806938352909956,0.5341042614344396
8e6ecacf-bc32-4054-bd8a-89534cae4081,P-2644CBC033,4,3,D,2,2,T6,A,low,small,google/gemma-3-4b-it,0,0.6003925150090997,0.6437213908542286,0.5496209785342216,0.3996074849909002,1.0,0.2916666666666667,0.0,0.5487077253786,0.49856413930955557
743d061d-c428-40fa-83e5-c102eed04fc3,P-2644CBC033,5,3,B,3,1,T1,D,high,small,google/gemma-3-4b-it,0,0.5901399200612848,0.6729311455379833,0.578868679702282,0.40986007993871515,1.0,0.3620689655172414,0.16666666666666666,0.5760406237208482,0.5289340263564979
aa3fe7b6-131b-4615-abf3-813c0f1aad88,P-2644CBC033,6,3,B,3,2,T1,C,high,small,google/gemma-3-4b-it,0,0.6197666254910555,0.6567099961367521,0.6013356894254684,0.3802333745089444,1.0,0.5079365079365079,0.08333333333333333,0.571919132994883,0.5243545922165367
da958aac-868c-4517-9992-f10dcfb30560,P-2644CBC033,7,3,E,4,1,T1,D,high,medium,google/gemma-4-31b-it,1,0.6521750363436613,0.6909368959340182,0.6555613130331039,0.3478249636563388,1.0,0.697841726618705,0.08333333333333333,0.5928504787611238,0.5476116430679154
225665bf-980c-4c4a-92af-deb7fc8eb20b,P-2644CBC033,8,3,E,4,2,T1,C,high,medium,google/gemma-4-31b-it,1,0.6452394344589927,0.6875969171524048,0.6385477185249329,0.3547605655410073,1.0,0.8290598290598291,0.0,0.5797528705813667,0.5330587450904075
e1be14e4-b451-4f54-97c8-1ab60bb4f0fc,P-2644CBC033,9,3,A,5,1,T1,C,high,small,google/gemma-3-4b-it,1,0.6602405363863165,0.6933827020905234,0.5774029667178789,0.33975946361368353,1.0,0.44594594594594594,0.0,0.5701811874003122,0.5224235415559024
815c2075-dc37-4e60-8a68-3538421c2c1b,P-2644CBC033,10,3,A,5,2,T1,D,high,small,google/gemma-3-4b-it,1,0.6979360146956011,0.7071379802443765,0.6083112706740698,0.302063985304399,1.0,0.3125,0.0,0.5828834516532494,0.5365371685036104
463daf07-f190-44ac-ba19-9fa7dc808f32,P-2644CBC033,11,3,F,6,1,T1,D,high,medium,google/gemma-4-31b-it,0,0.650168321349404,0.7046291069550947,0.6460335354010264,0.34983167865059595,1.0,0.9557522123893806,0.08333333333333333,0.5934826939394979,0.54831410437722
04969173-57b0-46e0-80c9-6ff29d139147,P-2644CBC033,12,3,F,6,2,T1,C,high,medium,google/gemma-4-31b-it,0,0.6989606618881226,0.7083810405297712,0.6204701239864031,0.30103933811187744,1.0,0.9624060150375939,0.16666666666666666,0.6023329657587139,0.5581477397319042
95ce5812-9b9e-4b2e-a508-a949e2da5bb5,P-2644CBC033,13,3,H,7,1,T6,C,low,medium,google/gemma-4-31b-it,0,0.6298604986884377,0.7011109048669989,0.6846147129933039,0.37013950131156226,1.0,0.7651515151515151,0.16666666666666666,0.6067978401075711,0.5631087112306344
7a82e6e2-20d8-44ca-8355-698c78760fd1,P-2644CBC033,14,3,H,7,2,T6,A,low,medium,google/gemma-4-31b-it,0,0.6328876533291556,0.6852036768739874,0.6506242503722509,0.36711234667084436,1.0,1.0,0.08333333333333333,0.5887876841154965,0.5430974267949962
363ee90b-c22d-482b-96ba-00bc8c863d8c,P-2644CBC033,15,3,G,8,1,T6,A,low,medium,google/gemma-4-31b-it,1,0.7142101363702253,0.7358701120723378,0.635141576329867,0.2857898636297746,1.0,0.8142857142857143,0.08333333333333333,0.6039566846507968,0.5599518718342187
1f7346ec-536a-473c-a8e3-93814bcf208a,P-2644CBC033,16,3,G,8,2,T6,C,low,medium,google/gemma-4-31b-it,1,0.6738147410479459,0.7061874920671637,0.6566738386948904,0.32618525895205414,1.0,0.8974358974358975,0.08333333333333333,0.5982870735905388,0.5536523039894876
3c41c0c1-6496-4632-8f0b-72977420c5e3,P-2DB0DA1D0E,1,5,E,1,1,T8,B,high,medium,google/gemma-4-31b-it,1,0.6690020832148466,0.7140747742219404,0.6286586150527,0.3309979167851535,1.0,0.4166666666666667,0.0,0.5854468861764128,0.5393854290849031
6f86173f-4d08-4ef2-a7f7-61ac0a2372d3,P-2DB0DA1D0E,2,5,E,1,2,T8,A,high,medium,google/gemma-4-31b-it,1,0.7193188667297363,0.7225078669461337,0.6329925258954366,0.28068113327026367,1.0,0.8717948717948718,0.16666666666666666,0.6096986319079545,0.5663318132310604
453656a0-4345-4206-b043-5a87f4d03478,P-2DB0DA1D0E,3,5,F,2,1,T8,A,high,medium,google/gemma-4-31b-it,0,0.6564023494720459,0.7039345069365068,0.5999346747994423,0.3435976505279541,1.0,0.7117117117117117,0.08333333333333333,0.5847474046277278,0.538608227364142
a0d7a6e4-7939-4870-a878-c3b6a334ef02,P-2DB0DA1D0E,4,5,F,2,2,T8,B,high,medium,google/gemma-4-31b-it,0,0.7087446559559215,0.7079004645347595,0.6395406375328699,0.2912553440440785,1.0,0.9306930693069307,0.08333333333333333,0.5986960193424513,0.5541066881582793
3b484427-8f80-45f1-a60b-a77841c3e588,P-2DB0DA1D0E,5,5,D,3,1,T2,D,low,small,google/gemma-3-4b-it,0,0.706902639432387,0.7175385789437727,0.6341257939736048,0.2930973605676131,1.0,0.7391304347826086,0.08333333333333333,0.5993564718600476,0.5548405242889418
51589d92-8ff0-4b60-95fc-6cf67adce36e,P-2DB0DA1D0E,6,5,D,3,2,T2,B,low,small,google/gemma-3-4b-it,0,0.7135713750665839,0.7279125885529951,0.597863477965196,0.2864286249334162,1.0,0.73,0.08333333333333333,0.5948456841436299,0.5498285379373666
3ad69467-a8e2-4f72-ba28-e18c4a9492bf,P-2DB0DA1D0E,7,5,G,4,1,T2,D,low,medium,google/gemma-4-31b-it,1,0.6777596582065929,0.703219858082858,0.633113776644071,0.3222403417934071,1.0,0.6846153846153846,0.25,0.6100426927660451,0.5667141030733834
e4e61a45-35f6-489b-8164-542f1f119c6b,P-2DB0DA1D0E,8,5,G,4,2,T2,B,low,medium,google/gemma-4-31b-it,1,0.7773051695390181,0.7850145101547241,0.6743707259496053,0.2226948304609819,1.0,0.8230088495575221,0.16666666666666666,0.6362742308414344,0.5958602564904827
4d91ad16-3cd5-4163-b23f-ff1efc58cb32,P-2DB0DA1D0E,9,5,C,5,1,T2,B,low,small,google/gemma-3-4b-it,1,0.6697830937125466,0.680418767712333,0.6206511209408442,0.33021690628745337,1.0,0.9594594594594594,0.16666666666666666,0.5938589537685568,0.548732170853952
8093a953-2df9-4065-b695-8e9f6ca973e3,P-2DB0DA1D0E,10,5,C,5,2,T2,D,low,small,google/gemma-3-4b-it,1,0.6451727910475298,0.6855476498603821,0.5337276111046473,0.3548272089524703,1.0,0.6354166666666666,0.25,0.5833723312977589,0.537080368108621
b81e9ed7-4f31-4ace-9c64-b69d1a70cc94,P-2DB0DA1D0E,11,5,H,6,1,T2,B,low,medium,google/gemma-4-31b-it,0,0.6468044356866316,0.6983051516792991,0.5944552371899287,0.35319556431336835,1.0,0.8787878787878788,0.3333333333333333,0.6065658546758421,0.5628509496398246
1e32d4c5-7f0b-45b2-9101-c3c2bfcde957,P-2DB0DA1D0E,12,5,H,6,2,T2,D,low,medium,google/gemma-4-31b-it,0,0.7883841828866438,0.7906117330897938,0.633625403046608,0.21161581711335617,1.0,0.7933884297520661,0.0,0.6136858455159447,0.5707620505732719
36091ab3-7be0-43ac-8438-260ed8e57584,P-2DB0DA1D0E,13,5,B,7,1,T8,B,high,small,google/gemma-3-4b-it,0,0.6832216490398754,0.6995066621086814,0.5673984885215759,0.31677835096012463,1.0,0.9230769230769231,0.16666666666666666,0.5883698616967057,0.5426331796630063
afc7cb8f-9b35-448f-8b18-d3d1e7f9653b,P-2DB0DA1D0E,14,5,B,7,2,T8,A,high,small,google/gemma-3-4b-it,0,0.6686365008354187,0.703324328769337,0.5598753343025843,0.3313634991645813,1.0,0.6309523809523809,0.08333333333333333,0.5778369160312594,0.5309299067013994
22e690ad-66cb-481f-8bab-829dc3f4c525,P-2DB0DA1D0E,15,5,A,8,1,T8,B,high,small,google/gemma-3-4b-it,1,0.6989331895654852,0.7456468018618497,0.5861780941486359,0.30106681043451483,1.0,0.8170731707317073,0.08333333333333333,0.5945916314919789,0.54954625721331
95e90874-ddff-4b39-91a7-60e433098574,P-2DB0DA1D0E,16,5,A,8,2,T8,A,high,small,google/gemma-3-4b-it,1,0.6924771178852428,0.702831279147755,0.5718356892466545,0.3075228821147572,1.0,0.5324675324675324,0.16666666666666666,0.5908477721340729,0.5453864134823032
48642a3f-359f-488c-9f5b-75b6a2bab7ec,P-41FE7B6C8E,1,7,G,1,1,T8,C,low,medium,google/gemma-4-31b-it,1,0.6730164939706976,0.685604290528731,0.6313649962345759,0.32698350602930243,1.0,0.3382352941176471,0.08333333333333333,0.5890288400830644,0.5433653778700717
547c81d0-785f-4d2d-a284-e935b1332a47,P-41FE7B6C8E,2,7,G,1,2,T8,A,low,medium,google/gemma-4-31b-it,1,0.7175304998051036,0.7495005076581781,0.6144382506608963,0.28246950019489636,1.0,0.5298507462686567,0.0,0.5945408016443253,0.5494897796048058
158d9c05-ac19-4b1d-8f53-59e0156950b8,P-41FE7B6C8E,3,7,H,2,1,T8,A,low,medium,google/gemma-4-31b-it,0,0.7087749242782593,0.7119356881488453,0.6439724415540695,0.2912250757217407,1.0,0.3790322580645161,0.16666666666666666,0.6087257850350757,0.5652508722611951
a60ea790-c49f-41e1-8e30-9f825e8d0ce5,P-41FE7B6C8E,4,7,H,2,2,T8,C,low,medium,google/gemma-4-31b-it,0,0.6284779418598522,0.6945395361293446,0.6414307455221812,0.3715220581401478,1.0,0.5398230088495575,0.08333333333333333,0.5883751838496237,0.5426390931662487
20bb8e74-79f5-4071-a628-62394c972155,P-41FE7B6C8E,5,7,F,3,1,T6,C,high,medium,google/gemma-4-31b-it,0,0.6562930887395685,0.6879391290924766,0.6234477112690607,0.34370691126043146,1.0,0.4537037037037037,0.08333333333333333,0.5862400102795976,0.5402666780884419
a26c8d6a-8ecf-42e0-a509-5697e61464b1,P-41FE7B6C8E,6,7,F,3,2,T6,B,high,medium,google/gemma-4-31b-it,0,0.6410290057008917,0.6484944224357605,0.5701336165269216,0.35897099429910834,1.0,0.422680412371134,0.08333333333333333,0.5661618416959588,0.5179576018843988
70cf19cf-4031-495c-82a5-9e30e63eff25,P-41FE7B6C8E,7,7,A,4,1,T6,C,high,small,google/gemma-3-4b-it,1,0.681619335304607,0.7010805715214122,0.5397563874721527,0.31838066469539295,1.0,0.34285714285714286,0.08333333333333333,0.574662658662507,0.5274029540694523
cc7a8963-fc61-4cd5-9615-903ea975e0be,P-41FE7B6C8E,8,7,A,4,2,T6,B,high,small,google/gemma-3-4b-it,1,0.6800054203380238,0.7039392373778603,0.5346647078792254,0.3199945796619762,1.0,0.5614035087719298,0.25,0.5907213310852196,0.5452459234280218
ddf2c467-8347-4034-a76c-ff2f4769ea1b,P-41FE7B6C8E,9,7,E,5,1,T6,C,high,medium,google/gemma-4-31b-it,1,0.6171588464216753,0.6657505468888716,0.5741662929455439,0.38284115357832477,1.0,0.46153846153846156,0.25,0.5846992526090506,0.5385547251211674
32c78a32-27b5-4e27-9de5-9cf8e15be0e4,P-41FE7B6C8E,10,7,E,5,2,T6,B,high,medium,google/gemma-4-31b-it,1,0.6022234884175387,0.6287940740585327,0.586001068353653,0.39777651158246125,1.0,0.40594059405940597,0.16666666666666666,0.5698480439908578,0.5220533822120641
904a173b-57ee-418f-ae55-10b660c5eabb,P-41FE7B6C8E,11,7,B,6,1,T6,C,high,small,google/gemma-3-4b-it,0,0.674946741624312,0.7110500823367726,0.5173955907424291,0.32505325837568805,1.0,0.3333333333333333,0.3333333333333333,0.5965171421116049,0.5516857134573387
1e268c99-b9d1-4ce2-80f2-6099806861a5,P-41FE7B6C8E,12,7,B,6,2,T6,B,high,small,google/gemma-3-4b-it,0,0.7134186788038774,0.7256942120465365,0.5244789148370425,0.2865813211961226,1.0,0.2345679012345679,0.4166666666666667,0.6130431599237701,0.5700479554708557
632f3e70-edce-42d1-8972-4ed2559190f5,P-41FE7B6C8E,13,7,D,7,1,T8,A,low,small,google/gemma-3-4b-it,0,0.6283870393579657,0.6615633856166493,0.5639835819602013,0.37161296064203436,1.0,0.297029702970297,0.16666666666666666,0.5746147641178334,0.5273497379087038
63002d1c-9ab2-4300-90f6-20514c4f2845,P-41FE7B6C8E,14,7,D,7,2,T8,C,low,small,google/gemma-3-4b-it,0,0.730774229223078,0.7432691996747797,0.6171750326951345,0.26922577077692206,1.0,0.22,0.25,0.6201662693962906,0.577962521551434
bf12adc9-6206-4dc7-bfd7-db540e3bc125,P-41FE7B6C8E,15,7,C,8,1,T8,C,low,small,google/gemma-3-4b-it,1,0.6860557252710516,0.7139021591706709,0.5616686890522639,0.3139442747289484,1.0,0.391304347826087,0.16666666666666666,0.5903864088383588,0.5448737875981764
ca9d5c43-4dee-4b72-a115-100d21158992,P-41FE7B6C8E,16,7,C,8,2,T8,A,low,small,google/gemma-3-4b-it,1,0.6192373091524298,0.6716444925828413,0.5761121759812037,0.38076269084757025,1.0,0.24691358024691357,0.25,0.5864750646280521,0.5405278495867245
9224d3ed-2ed2-4685-964c-b0cfc485e948,P-44138CFA98,1,8,H,1,1,T4,A,low,medium,google/gemma-4-31b-it,0,0.7149438207799738,0.7281034426255659,0.5590785344441732,0.2850561792200262,1.0,0.4351851851851852,0.16666666666666666,0.5955974441586119,0.550663826842902
be121571-15e8-4a96-9ded-3b60d91847a3,P-44138CFA98,2,8,H,1,2,T4,B,low,medium,google/gemma-4-31b-it,0,0.6077334989200939,0.6701313528147611,0.637165367603302,0.3922665010799061,1.0,0.2524271844660194,0.16666666666666666,0.5888993606422888,0.5432215118247652
b8f7c864-5b0d-4022-9c3a-c2deda319e09,P-44138CFA98,3,8,A,2,1,T3,D,high,small,google/gemma-3-4b-it,1,0.6261565793644298,0.6559736349365928,0.5905964771906534,0.3738434206355702,1.0,0.7333333333333333,0.25,0.5869296803618923,0.5410329781798803
93fe5d1d-83be-47e7-b6dd-f61a2332dca7,P-44138CFA98,4,8,A,2,2,T3,B,high,small,google/gemma-3-4b-it,1,0.615351443940943,0.697281539440155,0.5096864327788353,0.38464855605905707,1.0,0.32142857142857145,0.0,0.5529287388378924,0.5032541542643248
e9a3cfd5-2a6c-4445-8934-387991e2b346,P-44138CFA98,5,8,G,3,1,T4,A,low,medium,google/gemma-4-31b-it,1,0.6849755373868075,0.7423971783031117,0.6927485664685568,0.31502446261319245,1.0,0.9111111111111111,0.16666666666666666,0.6221933693596812,0.5802148548440902
74304f8d-1d7d-4fc4-8bc2-f8a5044973e8,P-44138CFA98,6,8,G,3,2,T4,B,low,medium,google/gemma-4-31b-it,1,0.6682905879887667,0.7134352434765209,0.6522520283857981,0.3317094120112332,1.0,0.795774647887324,0.0,0.5899665131713404,0.544407236857045
adc4bdb8-cdc4-4621-9b0c-7f5cfb9c1a78,P-44138CFA98,7,8,B,4,1,T3,D,high,small,google/gemma-3-4b-it,0,0.6998915618116205,0.7191911935806274,0.5885539601246516,0.30010843818837946,1.0,0.32857142857142857,0.0,0.5815381869222178,0.5350424299135753
ec325b46-d013-415f-aea5-55623a0656b3,P-44138CFA98,8,8,B,4,2,T3,B,high,small,google/gemma-3-4b-it,0,0.6331015175039117,0.6799189014868303,0.559096078077952,0.3668984824960882,1.0,0.288135593220339,0.0,0.5611131476633476,0.512347941848164
f4efc0b5-9002-4569-824b-fcbe34064274,P-44138CFA98,9,8,F,5,1,T3,B,high,medium,google/gemma-4-31b-it,0,0.7014994296160612,0.7165564623746005,0.5916172986229261,0.2985005703839389,1.0,0.9067796610169492,0.16666666666666666,0.5984513618277782,0.553834846475309
e44739e8-5e9a-4bed-a678-6fbb07f94629,P-44138CFA98,10,8,F,5,2,T3,D,high,medium,google/gemma-4-31b-it,0,0.7185415842316367,0.7376879724589261,0.651929090420405,0.2814584157683633,1.0,0.8391608391608392,0.08333333333333333,0.6081109043323633,0.5645676714804037
6909eca8-1cfb-4b45-999f-58f6f6c0bf8e,P-44138CFA98,11,8,C,6,1,T4,A,low,small,google/gemma-3-4b-it,1,0.6823343472047285,0.7149817781014876,0.52188540995121,0.3176656527952714,1.0,0.45,0.0,0.5656068723310124,0.5173409692566804
ce5372c1-e4b0-4882-91a1-380b2d155047,P-44138CFA98,12,8,C,6,2,T4,B,low,small,google/gemma-3-4b-it,1,0.5858164592222734,0.643034653230147,0.5539412324627241,0.4141835407777266,1.0,0.3424657534246575,0.16666666666666666,0.5646434897274683,0.5162705441416313
cebc6689-b3eb-4a07-8da1-3f39b9826127,P-44138CFA98,13,8,E,7,1,T3,D,high,medium,google/gemma-4-31b-it,1,0.6635461585088209,0.7024534751068462,0.6302077223857244,0.336453841491179,1.0,0.9457364341085271,0.08333333333333333,0.5912201886827295,0.5458002096474772
7b1a9da6-6d7a-4356-9eab-43ef3c201af1,P-44138CFA98,14,8,E,7,2,T3,B,high,medium,google/gemma-4-31b-it,1,0.6867808157747443,0.7177233533425764,0.6005275746186575,0.3132191842252558,1.0,0.8181818181818182,0.0,0.5823282671697213,0.5359202968552459
dbf6766d-9a04-461e-bc59-0044cc86037f,P-44138CFA98,15,8,D,8,1,T4,A,low,small,google/gemma-3-4b-it,0,0.6214673519134521,0.6640121394937689,0.5266914541522661,0.37853264808654785,1.0,0.2564102564102564,0.0,0.5502874539205522,0.500319393245058
bcc1c60d-d19a-45a9-af2c-fd39b1e4bceb,P-44138CFA98,16,8,D,8,2,T4,B,low,small,google/gemma-3-4b-it,0,0.6851055893031034,0.7054836533286355,0.5364749977986017,0.31489441069689666,1.0,0.2987012987012987,0.16666666666666666,0.5835689558224245,0.5372988398026938
bda8893e-bc23-4acb-a7b8-ec8cda7a8307,P-482AABB718,1,3,C,1,1,T4,A,low,small,google/gemma-3-4b-it,1,0.644450840624896,0.667382305318659,0.5136168077588081,0.35554915937510406,1.0,0.8780487804878049,0.25,0.5756449066779831,0.5284943407533146
cbdb663f-c231-482f-8a37-a76620fd7007,P-482AABB718,2,3,C,1,2,T4,B,low,small,google/gemma-3-4b-it,1,0.6474323814565485,0.6931045976552096,0.5584195579091707,0.3525676185434515,1.0,0.881578947368421,0.08333333333333333,0.5733814025918642,0.5259793362131825
8726895a-87cf-4184-b683-3f16a0a9ab0a,P-482AABB718,3,3,D,2,1,T4,B,low,small,google/gemma-3-4b-it,0,0.6633792844685641,0.7015133554285223,0.5614402915040652,0.33662071553143585,1.0,0.6777777777777778,0.08333333333333333,0.5772619911667072,0.5302911012963414
ecee712d-691e-43ad-b102-afc0b1183889,P-482AABB718,4,3,D,2,2,T4,A,low,small,google/gemma-3-4b-it,0,0.6795890873128717,0.7022659995339133,0.5273415893316269,0.32041091268712824,1.0,0.9866666666666667,0.16666666666666666,0.580547093171062,0.5339412146345133
33ad0f17-eeed-42b1-9786-d601d92dbf95,P-482AABB718,5,3,B,3,1,T5,B,high,small,google/gemma-3-4b-it,0,0.6801792274821888,0.6997900876131925,0.5247561459740003,0.31982077251781116,1.0,0.759493670886076,0.0,0.5629271694656575,0.5143635216285083
8f7207da-dc3f-4412-9b6b-90ed4daedc5f,P-482AABB718,6,3,B,3,2,T5,A,high,small,google/gemma-3-4b-it,0,0.7256225455891002,0.7484466379339044,0.5190500815709432,0.2743774544108998,1.0,0.9722222222222222,0.16666666666666666,0.5927282651265462,0.5474758501406068
1190bf41-27f4-4277-9966-33c4bf150fa2,P-482AABB718,7,3,E,4,1,T5,B,high,medium,google/gemma-4-31b-it,1,0.7011072147976268,0.7072274088859558,0.6486848245064417,0.29889278520237317,1.0,0.8333333333333334,0.08333333333333333,0.5996265014915755,0.5551405572128617
b3ee33c2-85e3-455e-8907-900eb70e4e8f,P-482AABB718,8,3,E,4,2,T5,A,high,medium,google/gemma-4-31b-it,1,0.6610959551551125,0.691872547973286,0.6118798653284708,0.33890404484488745,1.0,0.6165413533834586,0.0,0.5768600781758626,0.529844531306514
55354ad4-3a58-4166-81a2-da7515337603,P-482AABB718,9,3,A,5,1,T5,A,high,small,google/gemma-3-4b-it,1,0.6743821826848116,0.6666772203011946,0.5785080641508102,0.3256178173151883,1.0,0.875,0.16666666666666666,0.5831419418255489,0.5368243798061654
07ae710c-6ca7-4f8e-81f4-a4bcc23cbb55,P-482AABB718,10,3,A,5,2,T5,B,high,small,google/gemma-3-4b-it,1,0.6717366251078519,0.7121050791306929,0.5993275890747706,0.32826337489214813,1.0,0.6989247311827957,0.16666666666666666,0.5961268628185447,0.5512520697983829
2e7f012c-50fd-4d49-bdab-6620411b721f,P-482AABB718,11,3,F,6,1,T5,B,high,medium,google/gemma-4-31b-it,0,0.6712285713715986,0.6902592994950034,0.6579783459504446,0.3287714286284013,1.0,0.8151260504201681,0.0,0.5867703862262494,0.5408559846958327
f6fd2c90-1492-473a-b3ee-a1829db1903f,P-482AABB718,12,3,F,6,2,T5,A,high,medium,google/gemma-4-31b-it,0,0.675702219659632,0.7237926504828713,0.6281416714191437,0.3242977803403681,1.0,0.7672413793103449,0.0,0.5879570863463662,0.5421745403848514
d31f9a6a-b5bf-4e19-bb29-62c2890fa663,P-482AABB718,13,3,H,7,1,T4,B,low,medium,google/gemma-4-31b-it,0,0.681044415994124,0.7067533297972246,0.5670581012964249,0.31895558400587604,1.0,0.8360655737704918,0.16666666666666666,0.589533394484809,0.5439259938720099
7e01d3af-48f4-407f-9dc9-7c648b2efcec,P-482AABB718,14,3,H,7,2,T4,A,low,medium,google/gemma-4-31b-it,0,0.7516321702436968,0.779379974712025,0.6443533251682917,0.24836782975630325,1.0,0.8048780487804879,0.0,0.609909877000433,0.5665665300004811
3c81d34c-f4df-4587-90f0-51cd5209dd1d,P-482AABB718,15,3,G,8,1,T4,B,low,medium,google/gemma-4-31b-it,1,0.6850869438864968,0.6986718340353533,0.6536630243062973,0.3149130561135032,1.0,0.9719626168224299,0.0,0.5889756660569798,0.5433062956188665
d5e96027-aadf-483d-9928-f89554d05de7,P-482AABB718,16,3,G,8,2,T4,A,low,medium,google/gemma-4-31b-it,1,0.6648931720040061,0.6981057903983376,0.6515550514062246,0.3351068279959939,1.0,0.7916666666666666,0.16666666666666666,0.6030881522279797,0.5589868358088664
2d114f04-9e62-4098-915c-2bfa96c64f9c,P-4CD2E82E33,1,7,G,1,1,T3,C,low,medium,google/gemma-4-31b-it,1,0.7017618851228193,0.7253739671273665,0.6067366153001785,0.2982381148771806,1.0,0.9741379310344828,0.08333333333333333,0.5949316383311243,0.549924042590138
15f00c5f-1499-4cbc-bbe4-61e03f8bf1d5,P-4CD2E82E33,2,7,G,1,2,T3,B,low,medium,google/gemma-4-31b-it,1,0.6730943376367743,0.7103036100214178,0.6075492079059283,0.32690566236322577,1.0,0.8333333333333334,0.08333333333333333,0.5892133306824799,0.5435703674249778
06f04012-b566-438c-8e2e-8ab18d27617f,P-4CD2E82E33,3,7,H,2,1,T3,B,low,medium,google/gemma-4-31b-it,0,0.6517111225561663,0.7027590383182872,0.5653654808799425,0.3482888774438338,1.0,0.8867924528301887,0.08333333333333333,0.577129349428596,0.5301437215873288
6cf0f484-1922-49a9-bb48-cf5f5d353e44,P-4CD2E82E33,4,7,H,2,2,T3,C,low,medium,google/gemma-4-31b-it,0,0.615750870921395,0.6493481993675232,0.6044838279485703,0.384249129078605,1.0,0.9795918367346939,0.0,0.5623414925553583,0.5137127695059536
b354d983-b3f6-4382-91c0-d826298d361d,P-4CD2E82E33,5,7,F,3,1,T2,C,high,medium,google/gemma-4-31b-it,0,0.7033018903298811,0.7515156919305975,0.6323327322800955,0.29669810967011884,1.0,0.6796116504854369,0.3333333333333333,0.6304332072084601,0.5893702302316223
8bcc4142-9d31-4a4c-84dc-fcbfb8a99ce6,P-4CD2E82E33,6,7,F,3,2,T2,B,high,medium,google/gemma-4-31b-it,0,0.6459484479644082,0.6929271817207336,0.6051360219717026,0.3540515520355918,1.0,0.36885245901639346,0.08333333333333333,0.5825408188682614,0.5361564654091793
49e14ef1-55a1-4a2a-a2b9-d76f40e44d62,P-4CD2E82E33,7,7,A,4,1,T2,B,high,small,google/gemma-3-4b-it,1,0.6578212651339445,0.7223043170842257,0.6189305931329727,0.3421787348660556,1.0,0.5967741935483871,0.25,0.6090291085568341,0.5655878983964824
07eb80d3-600b-4914-bf38-02316ef1431c,P-4CD2E82E33,8,7,A,4,2,T2,C,high,small,google/gemma-3-4b-it,1,0.7038922093131326,0.7324341102079912,0.6196603178977966,0.29610779068686743,1.0,0.6388888888888888,0.16666666666666666,0.6074747732191376,0.5638608591323749
29bda023-911e-4d48-8124-826151032ddd,P-4CD2E82E33,9,7,E,5,1,T2,B,high,medium,google/gemma-4-31b-it,1,0.6761793440038507,0.7029286406256936,0.6351810991764069,0.32382065599614923,1.0,0.45217391304347826,0.0,0.5852398823608052,0.5391554248453391
36bdca91-4d39-47c7-b1cb-3ff536b9d10e,P-4CD2E82E33,10,7,E,5,2,T2,C,high,medium,google/gemma-4-31b-it,1,0.7504950707609003,0.7535981264981356,0.6140614772836367,0.24950492923909967,1.0,0.42592592592592593,0.0,0.5985814278324445,0.5539793642582717
e4d6c7a3-c304-4020-a659-a97b7d909108,P-4CD2E82E33,11,7,B,6,1,T2,C,high,small,google/gemma-3-4b-it,0,0.6256419853730635,0.6535355611280962,0.594844584663709,0.37435801462693646,1.0,0.4177215189873418,0.3333333333333333,0.5955735610290007,0.5506372900322231
bcca6af8-3c67-40a3-abac-aac0c572b96c,P-4CD2E82E33,12,7,B,6,2,T2,B,high,small,google/gemma-3-4b-it,0,0.728184006430886,0.7200706546956842,0.5994460980097452,0.271815993569114,1.0,0.6557377049180327,0.16666666666666666,0.6033884178508412,0.5593204642787124
65d76ca4-8ebb-40d0-9e8b-c3f41270b491,P-4CD2E82E33,13,7,D,7,1,T3,B,low,small,google/gemma-3-4b-it,0,0.6611242998730053,0.664062890139493,0.6280660380919775,0.33887570012699475,1.0,0.76,0.25,0.5995382156335947,0.5550424618151052
de099f82-d307-4c33-ac8a-5943d0c3c9a1,P-4CD2E82E33,14,7,D,7,2,T3,C,low,small,google/gemma-3-4b-it,0,0.6597614776004445,0.6992132988843051,0.6271245876948038,0.34023852239955554,1.0,0.6785714285714286,0.16666666666666666,0.5979103917425329,0.5532337686028143
5adead12-8251-4faf-a951-69355bfbc343,P-4CD2E82E33,15,7,C,8,1,T3,C,low,small,google/gemma-3-4b-it,1,0.6547109863974832,0.6859083880077709,0.6103466947873434,0.34528901360251685,1.0,0.7538461538461538,0.16666666666666666,0.5913887818654379,0.5459875354060421
7f3c7583-8213-41a0-88cf-8e2c883e5ddf,P-4CD2E82E33,16,7,C,8,2,T3,B,low,small,google/gemma-3-4b-it,1,0.6732584996656938,0.6799425699494102,0.5300760542352995,0.3267415003343062,1.0,0.39344262295081966,0.0,0.5593295748035113,0.5103661942261237
7a0c2ad6-24fd-47f9-ae9f-de55f2ffa266,P-624C8AC269,1,6,F,1,1,T7,A,high,medium,google/gemma-4-31b-it,0,0.6893613230098378,0.7037958936257795,0.6404910435279211,0.31063867699016223,1.0,0.5555555555555556,0.08333333333333333,0.5961268530650572,0.5512520589611747
a3e89305-af73-490d-85cf-c9dae70e6373,P-624C8AC269,2,6,F,1,2,T7,B,high,medium,google/gemma-4-31b-it,0,0.7382262782617048,0.7601636973294345,0.6154258772730827,0.2617737217382951,1.0,0.46956521739130436,0.0,0.598940542746674,0.5543783808296376
c61b1459-2f72-445f-803a-4252f4a16867,P-624C8AC269,3,6,G,2,1,T1,C,low,medium,google/gemma-4-31b-it,1,0.6721220504153859,0.6976262601939115,0.6288237869739532,0.32787794958461414,1.0,0.4260869565217391,0.08333333333333333,0.5908355478084448,0.5453728308982722
23ded81d-9872-448f-9c47-c3b3523c6c48,P-624C8AC269,4,6,G,2,2,T1,B,low,medium,google/gemma-4-31b-it,1,0.6365604996681213,0.7100529724901373,0.6390154212713242,0.36343950033187866,1.0,0.5625,0.0,0.5834697287191044,0.5371885874656716
1201b00e-25bd-492d-9e34-2e0755776e70,P-624C8AC269,5,6,E,3,1,T7,A,high,medium,google/gemma-4-31b-it,1,0.7120846672491594,0.7089182463559237,0.6081923544406891,0.28791533275084064,1.0,0.38686131386861317,0.0,0.5846305868842385,0.5384784298713762
bc3b32b6-60dc-4234-ab08-88feb4393114,P-624C8AC269,6,6,E,3,2,T7,B,high,medium,google/gemma-4-31b-it,1,0.6734281019731001,0.7028552944009955,0.6530271917581558,0.32657189802689984,1.0,0.49523809523809526,0.08333333333333333,0.5968526407624736,0.5520584897360817
75c72f83-8ee2-4e12-b72a-93d7fc015866,P-624C8AC269,7,6,H,4,1,T1,B,low,medium,google/gemma-4-31b-it,0,0.7255600636655634,0.733623439615423,0.623815526564916,0.2744399363344366,1.0,0.39805825242718446,0.0,0.5940437996026242,0.5489375551140269
ef3a71bf-0564-4ad1-b72c-4056c22dc40c,P-624C8AC269,8,6,H,4,2,T1,C,low,medium,google/gemma-4-31b-it,0,0.6827155514196916,0.7118595350872386,0.5936404342452685,0.3172844485803084,1.0,0.4563106796116505,0.0,0.5793715490084705,0.5326350544538562
45be5808-a85e-489d-9d83-2fe68dd53b48,P-624C8AC269,9,6,D,5,1,T1,B,low,small,google/gemma-3-4b-it,0,0.6966876983642578,0.7121971195394342,0.6171946600079536,0.3033123016357422,1.0,0.75,0.08333333333333333,0.5938804590792367,0.5487560656435964
fc3d3057-a041-42e9-9d7f-2b8ab4cc4922,P-624C8AC269,10,6,D,5,2,T1,C,low,small,google/gemma-3-4b-it,0,0.7539466023445129,0.7430217537012967,0.5822243044773737,0.24605339765548706,1.0,0.4861111111111111,0.0,0.5904438718701854,0.5449376354113171
23cc4e14-f65c-4b43-a0d0-bd23fc9a915c,P-624C8AC269,11,6,A,6,1,T7,A,high,small,google/gemma-3-4b-it,1,0.6612529158592224,0.6808109662749551,0.5848727598786354,0.3387470841407776,1.0,0.6296296296296297,0.08333333333333333,0.5775953701499736,0.5306615223888597
4cf19d34-9862-43d1-bcdf-34ec9209199f,P-624C8AC269,12,6,A,6,2,T7,B,high,small,google/gemma-3-4b-it,1,0.6667494719678705,0.701039043339816,0.5636642177899679,0.33325052803212946,1.0,0.6415094339622641,0.08333333333333333,0.5779489327560771,0.5310543697289746
5ff5a65b-dbc0-4d6c-9ae1-3e4a034b475c,P-624C8AC269,13,6,C,7,1,T1,C,low,small,google/gemma-3-4b-it,1,0.659010724587874,0.7161479971625588,0.5938132206598917,0.34098927541212604,1.0,0.5689655172413793,0.16666666666666666,0.5945599826899443,0.5495110918777157
66a7d66d-d0ab-40d4-b080-eab02c6282ab,P-624C8AC269,14,6,C,7,2,T1,B,low,small,google/gemma-3-4b-it,1,0.6409302733161233,0.6775069074197249,0.544575147330761,0.3590697266838767,1.0,0.36363636363636365,0.08333333333333333,0.5668427716150428,0.518714190683381
1150f561-ab10-47ee-8f5f-9ec58724134e,P-624C8AC269,15,6,B,8,1,T7,A,high,small,google/gemma-3-4b-it,0,0.6704647811976346,0.7040653174573724,0.5664836789170901,0.3295352188023654,1.0,0.2676056338028169,0.16666666666666666,0.5878229440613227,0.5420254934014695
83595cf1-2e12-433b-9889-93c64e9fe0cf,P-624C8AC269,16,6,B,8,2,T7,B,high,small,google/gemma-3-4b-it,0,0.630519297989932,0.6620865951884877,0.5490536217888197,0.36948070201006805,1.0,0.2647058823529412,0.25,0.5802799731944548,0.5336444146605053
6e5fa9a4-cb5e-4892-b97c-6ddebc92f2f5,P-645F09EEB6,1,2,B,1,1,T4,A,high,small,google/gemma-3-4b-it,0,0.7120053930716082,0.7088295221328735,0.5392969051996866,0.2879946069283919,1.0,0.3620689655172414,0.16666666666666666,0.5874924914403397,0.5416583238225995
548d1e21-78b7-44d8-a349-ed05de0948a2,P-645F09EEB6,2,2,B,1,2,T4,B,high,small,google/gemma-3-4b-it,0,0.6237829381769354,0.6490263667973605,0.5460358907779058,0.37621706182306464,1.0,0.4177215189873418,0.16666666666666666,0.5680574119994135,0.5200637911104594
023b9e7c-a234-4ab9-924f-478ec106cece,P-645F09EEB6,3,2,C,2,1,T8,B,low,small,google/gemma-3-4b-it,1,0.7057751308787953,0.7236143458973278,0.5267413059870402,0.2942248691212047,1.0,0.4,0.3333333333333333,0.6039819767980864,0.559979974220096
1d97cfc6-f543-4d9d-9280-c7dbef402a04,P-645F09EEB6,4,2,C,2,2,T8,C,low,small,google/gemma-3-4b-it,1,0.6829421357675032,0.7115658033977855,0.5485627303520838,0.31705786423249677,1.0,0.4367816091954023,0.16666666666666666,0.5869865869933909,0.5410962077704343
2c7a151d-0d00-4565-9dbe-727b698d90c6,P-645F09EEB6,5,2,A,3,1,T4,B,high,small,google/gemma-3-4b-it,1,0.6416685581207275,0.6813503503799438,0.54946036140124,0.35833144187927246,1.0,0.3548387096774194,0.08333333333333333,0.5686623315016428,0.5207359238907143
b86643fd-606f-4148-95a0-ca6be25a24c6,P-645F09EEB6,6,2,A,3,2,T4,A,high,small,google/gemma-3-4b-it,1,0.688687492500652,0.6902517242865129,0.5123551165064176,0.311312507499348,1.0,0.4,0.16666666666666666,0.576056784075318,0.5289519823059089
45d376fe-01ee-4dd6-b017-bdb3bc8131f9,P-645F09EEB6,7,2,D,4,1,T8,C,low,small,google/gemma-3-4b-it,0,0.6640593788840554,0.6991796764460477,0.5824370682239532,0.3359406211159446,1.0,0.48148148148148145,0.08333333333333333,0.5810626201557391,0.5345140223952657
43e8331b-f6ef-4d26-af9b-c4d97b3f31b6,P-645F09EEB6,8,2,D,4,2,T8,B,low,small,google/gemma-3-4b-it,0,0.6084958260709589,0.664690066467632,0.576665535569191,0.3915041739290411,1.0,0.6527777777777778,0.08333333333333333,0.5674540363477938,0.5193933737197709
6175ac2e-de82-4319-9e2e-dd936f3fa7e2,P-645F09EEB6,9,2,H,5,1,T8,B,low,medium,google/gemma-4-31b-it,0,0.6875104362314398,0.7106011726639487,0.6586141884326935,0.31248956376856024,1.0,0.7083333333333334,0.08333333333333333,0.6009274491758058,0.5565860546397842
c7cd03a1-fb59-4493-8436-e01592992109,P-645F09EEB6,10,2,H,5,2,T8,C,low,medium,google/gemma-4-31b-it,0,0.696768197146329,0.7198411984877153,0.6522900412480036,0.30323180285367096,1.0,0.859375,0.16666666666666666,0.6107697343284434,0.5675219270316038
d66d2043-b814-42d6-a917-c9abe69fb72f,P-645F09EEB6,11,2,E,6,1,T4,A,high,medium,google/gemma-4-31b-it,1,0.6819711219180714,0.7149944793094288,0.6517987002929052,0.3180288780819286,1.0,0.8321678321678322,0.16666666666666666,0.6082224147789407,0.5646915719766008
5628afec-a6bb-4f09-bca4-f984be29a72a,P-645F09EEB6,12,2,E,6,2,T4,B,high,medium,google/gemma-4-31b-it,1,0.7365473508834839,0.7371491139585321,0.6016558408737183,0.2634526491165161,1.0,0.5921787709497207,0.08333333333333333,0.5997490593881318,0.5552767326534799
298fee82-c163-4f00-b23d-d248bcfd9829,P-645F09EEB6,13,2,G,7,1,T8,B,low,medium,google/gemma-4-31b-it,1,0.7228653864427046,0.7449989264661615,0.6803532590468725,0.27713461355729535,1.0,0.7375,0.0,0.6073569757468772,0.5637299730520858
e2f03c9c-d0bf-46b4-bf19-305b03ced3c1,P-645F09EEB6,14,2,G,7,2,T8,C,low,medium,google/gemma-4-31b-it,1,0.670399091460488,0.7025383060628717,0.6602728019158045,0.32960090853951196,1.0,0.9833333333333333,0.25,0.614602130741784,0.571780145268649
63ac8a11-3528-47af-82dc-2a685652b3eb,P-645F09EEB6,15,2,F,8,1,T4,A,high,medium,google/gemma-4-31b-it,0,0.7300133976069364,0.7696062326431274,0.6396030932664871,0.26998660239306366,1.0,0.8489208633093526,0.08333333333333333,0.6131765382759498,0.5701961536399441
39c957b2-5cb4-4ef5-b31f-bb4694122c52,P-645F09EEB6,16,2,F,8,2,T4,B,high,medium,google/gemma-4-31b-it,0,0.6726139241998846,0.7122017849575389,0.6404900227983793,0.3273860758001154,1.0,0.7,0.0,0.5877997539711721,0.5419997266346357
f84272e1-c0d3-499d-bf1d-f2f1da8d1e7f,P-6742519DE7,1,5,E,1,1,T5,A,high,medium,google/gemma-4-31b-it,1,0.6596720056100325,0.6958437020128424,0.5414849817752838,0.34032799438996747,1.0,0.47580645161290325,0.16666666666666666,0.5800996039852953,0.5334440044281057
45295ffb-ae04-409e-8d62-e6a64838f976,P-6742519DE7,2,5,E,1,2,T5,C,high,medium,google/gemma-4-31b-it,1,0.6255390535701405,0.66197500445626,0.562435525159041,0.3744609464298595,1.0,0.5887850467289719,0.3333333333333333,0.5907693446134076,0.5452992717926751
8d7ed40e-1979-45b8-80bd-302158779af9,P-6742519DE7,3,5,F,2,1,T5,A,high,medium,google/gemma-4-31b-it,0,0.6305410970341075,0.6710659590634432,0.5535287881890932,0.36945890296589246,1.0,0.4411764705882353,0.4166666666666667,0.5996397258205847,0.5551552509117608
179b7d88-6000-456b-a44a-7a207257f289,P-6742519DE7,4,5,F,2,2,T5,C,high,medium,google/gemma-4-31b-it,0,0.652980544350364,0.6856294599446383,0.6053055872519811,0.347019455649636,1.0,0.4247787610619469,0.3333333333333333,0.6068183972076936,0.5631315524529928
d79fb43d-180a-4814-ab3e-e7a52a2781e9,P-6742519DE7,5,5,D,3,1,T4,C,low,small,google/gemma-3-4b-it,0,0.6610397290099751,0.6864571029489691,0.6247820903857549,0.3389602709900249,1.0,0.5595238095238095,0.08333333333333333,0.5866851449012757,0.5407612721125286
635de3aa-ff33-4415-8ad9-9b1ae5317ea1,P-6742519DE7,6,5,D,3,2,T4,A,low,small,google/gemma-3-4b-it,0,0.6508240483023904,0.6597947098992087,0.5449241250753403,0.3491759516976096,1.0,0.3978494623655914,0.25,0.5810261718251489,0.5344735242501655
fd527194-41dc-4ee8-8d1b-2c28ea819241,P-6742519DE7,7,5,G,4,1,T4,A,low,medium,google/gemma-4-31b-it,1,0.6372890743342313,0.6972559798847545,0.6093822220961252,0.36271092566576874,1.0,0.4205607476635514,0.08333333333333333,0.5833898811629324,0.5370998679588138
ec43fe83-dbfd-4a6f-a7f7-d5e372bf5723,P-6742519DE7,8,5,G,4,2,T4,C,low,medium,google/gemma-4-31b-it,1,0.6980087486180392,0.7374099655584856,0.6745346784591675,0.30199125138196076,1.0,0.6086956521739131,0.08333333333333333,0.6105231369986678,0.5672479299985198
89a79690-e139-422c-9c42-31dfdf72c2e7,P-6742519DE7,9,5,C,5,1,T4,A,low,small,google/gemma-3-4b-it,1,0.687899497422305,0.6968654069033536,0.5322498256961504,0.312100502577695,1.0,0.7205882352941176,0.16666666666666666,0.5812796629287981,0.5347551810319977
bd14f0de-e6ca-4bc8-8290-60c1f0c2bb90,P-6742519DE7,10,5,C,5,2,T4,C,low,small,google/gemma-3-4b-it,1,0.6558097330006686,0.6864067749543623,0.5655430257320404,0.34419026699933136,1.0,0.4878048780487805,0.16666666666666666,0.5826376001040141,0.5362640001155712
3cc10850-f5c8-4d2e-9214-aa63265ae14f,P-6742519DE7,11,5,H,6,1,T4,A,low,medium,google/gemma-4-31b-it,0,0.6819036386229775,0.6984877586364746,0.6088937520980835,0.31809636137702246,1.0,0.4959349593495935,0.0,0.5796666660092094,0.5329629622324549
011493d9-44f8-4c3a-9d1c-e7a2e66bd0dc,P-6742519DE7,12,5,H,6,2,T4,C,low,medium,google/gemma-4-31b-it,0,0.7624696113846519,0.7905226674946871,0.7131471733252207,0.23753038861534811,1.0,0.2773109243697479,0.16666666666666666,0.6436475959691135,0.6040528844101261
fb911c90-395a-416c-935c-fec6213d9fe9,P-6742519DE7,13,5,B,7,1,T5,A,high,small,google/gemma-3-4b-it,0,0.5827036743814294,0.665188957344402,0.533282478650411,0.4172963256185705,1.0,0.41935483870967744,0.16666666666666666,0.5646313213037722,0.5162570236708579
10cd0746-d871-4865-a5c6-9dd9c3d27488,P-6742519DE7,14,5,B,7,2,T5,C,high,small,google/gemma-3-4b-it,0,0.6565258611332286,0.6518829193982211,0.5237320562203726,0.34347413886677136,1.0,0.5921052631578947,0.16666666666666666,0.5674422479037083,0.5193802754485647
8b7f1394-68dc-453f-8928-6bfefcc9fba6,P-6742519DE7,15,5,A,8,1,T5,C,high,small,google/gemma-3-4b-it,1,0.6770750446753069,0.6768369457938455,0.5908768773078918,0.3229249553246932,1.0,0.4925373134328358,0.25,0.5962502690878781,0.5513891878754201
d8659984-20ca-416a-b100-c5b96bd2b661,P-6742519DE7,16,5,A,8,2,T5,A,high,small,google/gemma-3-4b-it,1,0.6803550286726519,0.703846888108687,0.5454143012563387,0.3196449713273482,1.0,0.72,0.0,0.5678877407402704,0.5198752674891892
1c1dfe47-a9f4-4bc0-916f-ab2b4e820e03,P-6EEA879104,1,4,D,1,1,T7,C,low,small,google/gemma-3-4b-it,0,0.6284315640276129,0.654370519247922,0.5761714105804762,0.37156843597238715,1.0,0.43478260869565216,0.08333333333333333,0.5672848757017742,0.5192054174464159
f53bb37d-b7e4-4df5-8db4-c1783c8d2fa9,P-6EEA879104,2,4,D,1,2,T7,A,low,small,google/gemma-3-4b-it,0,0.6746518015861511,0.6858019828796387,0.5522361819942793,0.3253481984138489,1.0,0.5538461538461539,0.08333333333333333,0.5734061464667319,0.52600682940748
e117be13-b157-41fb-b968-3c10484b01e5,P-6EEA879104,3,4,E,2,1,T5,B,high,medium,google/gemma-4-31b-it,1,0.7138510942459106,0.7515110536055132,0.643260046839714,0.28614890575408936,1.0,0.34285714285714286,0.08333333333333333,0.6086726628469699,0.5651918476077443
d544f052-3d3c-4c08-b18d-3d34c66a7396,P-6EEA879104,4,4,E,2,2,T5,A,high,medium,google/gemma-4-31b-it,1,0.628043835813349,0.6608623428778215,0.5799622585376104,0.37195616418665106,1.0,0.2882882882882883,0.08333333333333333,0.5693026371977546,0.5214473746641718
6d33b230-fce9-446a-9814-8cb48036a12b,P-6EEA879104,5,4,C,3,1,T7,A,low,small,google/gemma-3-4b-it,1,0.6258420293981378,0.6577369245615873,0.5396891708175341,0.3741579706018621,1.0,0.8441558441558441,0.16666666666666666,0.5687360886823047,0.5208178763136719
badaf59c-2287-47ab-8211-e451afbfb7a7,P-6EEA879104,6,4,C,3,2,T7,C,low,small,google/gemma-3-4b-it,1,0.6268794265660372,0.6638109196316112,0.5529910499850909,0.3731205734339627,1.0,0.6486486486486487,0.16666666666666666,0.5727150032466108,0.5252388924962342
88f8e62a-6872-41d4-a22d-a619d3607f32,P-6EEA879104,7,4,F,4,1,T5,B,high,medium,google/gemma-4-31b-it,0,0.6455169211734425,0.6977052255110308,0.6202605366706848,0.3544830788265575,1.0,0.4205607476635514,0.0,0.5781448445536873,0.531272049504097
e8341ab7-80d2-4461-8308-4abcb194036e,P-6EEA879104,8,4,F,4,2,T5,A,high,medium,google/gemma-4-31b-it,0,0.6345711350440979,0.6899301734837618,0.5770885919531187,0.3654288649559021,1.0,0.21311475409836064,0.0,0.5668608665917859,0.5187342962130955
5768890d-78a3-4436-8c60-7287a724ad53,P-6EEA879104,9,4,B,5,1,T5,A,high,small,google/gemma-3-4b-it,0,0.6920992840420116,0.6892872181805697,0.5091150949398676,0.3079007159579884,1.0,0.6451612903225806,0.08333333333333333,0.5672237243616219,0.5191374715129132
64e9aca2-7ae8-417a-8ee8-fda83983a384,P-6EEA879104,10,4,B,5,2,T5,B,high,small,google/gemma-3-4b-it,0,0.7076762426983226,0.7359712557359175,0.5390642310182253,0.29232375730167737,1.0,0.8888888888888888,0.16666666666666666,0.5924413882873275,0.5471570980970305
92b9933e-1a47-46e9-84d4-3a940255b0c8,P-6EEA879104,11,4,G,6,1,T7,A,low,medium,google/gemma-4-31b-it,1,0.687667044726285,0.7086797573349692,0.6889825512965521,0.3123329552737149,1.0,0.6842105263157895,0.08333333333333333,0.6066324995322661,0.5629249994802956
b2ae2521-515f-40df-84c5-906dfbc8b7d4,P-6EEA879104,12,4,G,6,2,T7,C,low,medium,google/gemma-4-31b-it,1,0.6667644706639376,0.6956777193329551,0.62007008989652,0.3332355293360623,1.0,0.5977011494252874,0.08333333333333333,0.588159342245622,0.5423992691618024
47881212-e511-4ba4-8816-9d6862b0dcf4,P-6EEA879104,13,4,A,7,1,T5,B,high,small,google/gemma-3-4b-it,1,0.6723135872320696,0.6961894414641641,0.5384927714864413,0.3276864127679305,1.0,0.7575757575757576,0.16666666666666666,0.5808344679799947,0.5342605199777719
8d654587-d3cd-437e-abab-56944c16c4c4,P-6EEA879104,14,4,A,7,2,T5,A,high,small,google/gemma-3-4b-it,1,0.6656975041736256,0.6939912600950762,0.5665676395098368,0.3343024958263744,1.0,1.0,0.08333333333333333,0.5770148636716784,0.5300165151907539
fb24b6f1-0a82-42ae-803c-a01d61442a0d,P-6EEA879104,15,4,H,8,1,T7,C,low,medium,google/gemma-4-31b-it,0,0.6760112534869801,0.7023317542943087,0.6946510821580887,0.3239887465130199,1.0,0.776,0.0,0.5969976926391775,0.5522196584879749
2486b744-deae-4126-b147-c3ddf183947e,P-6EEA879104,16,4,H,8,2,T7,A,low,medium,google/gemma-4-31b-it,0,0.7012662833387201,0.7342855551026084,0.6330768366654714,0.29873371666127985,1.0,0.5571428571428572,0.16666666666666666,0.6102657733541547,0.5669619703935052
aa443e7b-b952-4b51-b299-de5c6964cdd7,P-9E130A1DDC,1,1,A,1,1,T8,B,high,small,google/gemma-3-4b-it,1,0.7255795110355724,0.7328782894394614,0.6265309850374857,0.2744204889644276,1.0,0.9743589743589743,0.08333333333333333,0.6027731393322799,0.558636821480311
3b73e446-a1f5-41f2-9f6e-7112d5349026,P-9E130A1DDC,2,1,A,1,2,T8,A,high,small,google/gemma-3-4b-it,1,0.6705142964016307,0.6983619007197294,0.6058579037586848,0.32948570359836926,1.0,0.979381443298969,0.08333333333333333,0.5862287238691792,0.5402541376324214
cad8e2a7-6630-4987-958f-bdd8a51a33a0,P-9E130A1DDC,3,1,B,2,1,T8,B,high,small,google/gemma-3-4b-it,0,0.6144096688790754,0.692147818478671,0.5889399399360021,0.3855903311209245,1.0,0.6376811594202898,0.16666666666666666,0.5843251852375089,0.5381390947083431
9fd4f677-7df2-4e43-bfbf-1ada6c4f300d,P-9E130A1DDC,4,1,B,2,2,T8,A,high,small,google/gemma-3-4b-it,0,0.5669221823865717,0.6121176210316744,0.599743997057279,0.4330778176134283,1.0,0.8571428571428571,0.16666666666666666,0.5657312085231146,0.5174791205812383
5999d57b-b8f2-4207-ac20-95a438600e07,P-9E130A1DDC,5,1,H,3,1,T6,B,low,medium,google/gemma-4-31b-it,0,0.6492914340712808,0.6661087382923473,0.6241685350735983,0.35070856592871924,1.0,0.6634615384615384,0.16666666666666666,0.5896512647469839,0.544056960829982
e0726d16-9aa8-4fea-a20a-e2bb63fd6ad6,P-9E130A1DDC,6,1,H,3,2,T6,D,low,medium,google/gemma-4-31b-it,0,0.6482205336744135,0.6700430783358488,0.598612184325854,0.3517794663255865,1.0,0.7029702970297029,0.08333333333333333,0.5768864392331152,0.5298738213701281
86fe833a-c9f5-4376-a7a9-8e8fef57f021,P-9E130A1DDC,7,1,C,4,1,T6,D,low,small,google/gemma-3-4b-it,1,0.6070448376915671,0.6584398583932356,0.5588204910357794,0.39295516230843286,1.0,0.7011494252873564,0.25,0.5791565536549598,0.532396170727733
b90c800c-6174-4531-b1c8-f0875433e020,P-9E130A1DDC,8,1,C,4,2,T6,B,low,small,google/gemma-3-4b-it,1,0.6693859425458041,0.7222506566481157,0.5584159071246783,0.33061405745419586,1.0,0.9444444444444444,0.16666666666666666,0.589738573675806,0.5441539707508954
88ab6684-164c-4d94-bded-86e4cd6812cb,P-9E130A1DDC,9,1,G,5,1,T6,B,low,medium,google/gemma-4-31b-it,1,0.6025854999368842,0.6583834236318414,0.6079768041769663,0.3974145000631159,1.0,0.7523809523809524,0.08333333333333333,0.5718639288887832,0.5242932543208704
5bd2213a-fd86-4cb5-82ab-40c4196e0402,P-9E130A1DDC,10,1,G,5,2,T6,D,low,medium,google/gemma-4-31b-it,1,0.6688918471336365,0.6906679489395835,0.6189639791846275,0.3311081528663635,1.0,0.7802197802197802,0.08333333333333333,0.5871489036715392,0.5412765596350435
5f83373e-246f-4864-a894-198699c4c38c,P-9E130A1DDC,11,1,D,6,1,T6,D,low,small,google/gemma-3-4b-it,0,0.6319462982091036,0.6640231880274686,0.5425681347648302,0.3680537017908963,1.0,0.6792452830188679,0.3333333333333333,0.5878462277127035,0.542051364125226
eb7f8f67-fd6c-4e38-933b-cb88e148b317,P-9E130A1DDC,12,1,D,6,2,T6,B,low,small,google/gemma-3-4b-it,0,0.5980096676132896,0.6260316317731683,0.5691996663808823,0.40199033238671045,1.0,0.7377049180327869,0.08333333333333333,0.5571805597254723,0.5079783996949693
8654aea2-43d8-4211-bd6c-422cb5e198a2,P-9E130A1DDC,13,1,F,7,1,T8,B,high,medium,google/gemma-4-31b-it,0,0.7099414792927828,0.7332658063281666,0.6529258489608765,0.2900585207072171,1.0,0.7565217391304347,0.08333333333333333,0.6065658123204202,0.5628509025782447
085292d0-6ff1-4e45-abc2-73848e9ac309,P-9E130A1DDC,14,1,F,7,2,T8,A,high,medium,google/gemma-4-31b-it,0,0.7348408211361278,0.7411931428042325,0.6261109014352163,0.2651591788638722,1.0,0.5076923076923077,0.08333333333333333,0.6052782242948359,0.5614202492164844
c3c174a5-c57f-41cf-b4dc-cfe74bbf46d6,P-9E130A1DDC,15,1,E,8,1,T8,B,high,medium,google/gemma-4-31b-it,1,0.6931553103707053,0.7055387605320323,0.6621674050887426,0.3068446896292947,1.0,0.6636363636363637,0.16666666666666666,0.6095234308278922,0.5661371453643247
ab39476a-eb7f-4804-8ba4-08e2e2db9ce0,P-9E130A1DDC,16,1,E,8,2,T8,A,high,medium,google/gemma-4-31b-it,1,0.6701323227448897,0.7064658945257013,0.5930992861588796,0.3298676772551103,1.0,0.6754385964912281,0.0,0.5769262684114052,0.5299180760126724
8c830d5e-ea3a-4689-9be8-2867b79c2d97,P-A4880A1CE2,1,4,D,1,1,T5,D,low,small,google/gemma-3-4b-it,0,0.6159680810841647,0.6487306681546298,0.5244908904035886,0.38403191891583527,1.0,0.9880952380952381,0.16666666666666666,0.5629077864867268,0.514341984985252
7aff83ed-f231-4b3a-9f9b-dea28fc80b0e,P-A4880A1CE2,2,4,D,1,2,T5,C,low,small,google/gemma-3-4b-it,0,0.6694901477206837,0.6893722740086642,0.6051476672291756,0.3305098522793163,1.0,0.7125,0.16666666666666666,0.5925196696863031,0.5472440774292255
643dae54-1712-43cc-928e-7ececa76c478,P-A4880A1CE2,3,4,E,2,1,T1,D,high,medium,google/gemma-4-31b-it,1,0.6790986873886802,0.7244621027599681,0.6626031622290611,0.3209013126113198,1.0,0.8557692307692307,0.0,0.5953229217366739,0.5503588019296377
f6822d4b-3078-419a-8207-825c438220ba,P-A4880A1CE2,4,4,E,2,2,T1,A,high,medium,google/gemma-4-31b-it,1,0.6890414790673689,0.7185216546058655,0.6297930081685384,0.31095852093263104,1.0,0.7394957983193278,0.08333333333333333,0.596900413794951,0.5521115708832789
8c84510c-7c73-4fdc-b687-d9652ed6a3c1,P-A4880A1CE2,5,4,C,3,1,T5,C,low,small,google/gemma-3-4b-it,1,0.6638611446727406,0.7219237576831471,0.5238304187854131,0.3361388553272594,1.0,0.9482758620689655,0.08333333333333333,0.5738702830943194,0.526522536771466
2333975e-a10a-4574-b308-dd73c64fa9be,P-A4880A1CE2,6,4,C,3,2,T5,D,low,small,google/gemma-3-4b-it,1,0.7088154879483309,0.7552034475586631,0.5584634070595106,0.291184512051669,1.0,0.8360655737704918,0.08333333333333333,0.5919482530518012,0.5466091700575569
d892663d-ecbb-46b8-85a2-1304b03343c6,P-A4880A1CE2,7,4,F,4,1,T1,D,high,medium,google/gemma-4-31b-it,0,0.6489417119459673,0.6917267658493735,0.5898120080431303,0.3510582880540328,1.0,0.5321100917431193,0.0,0.5712019259730975,0.5235576955256639
5ffa90f1-a64b-4731-b1c6-4ebaad54559f,P-A4880A1CE2,8,4,F,4,2,T1,A,high,medium,google/gemma-4-31b-it,0,0.6624974445863203,0.6743153171105818,0.6031743337710699,0.33750255541367963,1.0,0.7032967032967034,0.0,0.5717476746349625,0.524164082927736
eac04792-d7d7-4dff-b737-bf5df42f6123,P-A4880A1CE2,9,4,B,5,1,T1,A,high,small,google/gemma-3-4b-it,0,0.6947765838016163,0.7175862843340094,0.569479281703631,0.30522341619838367,1.0,0.5633802816901409,0.08333333333333333,0.585224104921023,0.5391378943566922
5f0fa3b3-db30-4759-9eb3-d1961af3f2b1,P-A4880A1CE2,10,4,B,5,2,T1,D,high,small,google/gemma-3-4b-it,0,0.6280425407669761,0.6619337201118469,0.6011489058534304,0.3719574592330239,1.0,0.5256410256410257,0.16666666666666666,0.5820874459364198,0.5356527177071331
384534aa-02c3-4f7d-b40c-c6c327ea5936,P-A4880A1CE2,11,4,G,6,1,T5,D,low,medium,google/gemma-4-31b-it,1,0.6390610933303833,0.6840920502489264,0.6659214794635773,0.3609389066696167,1.0,0.4444444444444444,0.0,0.5839088152755391,0.5376764614172657
5a3b2b6e-2e4b-4d94-82a0-b31c7611dfb5,P-A4880A1CE2,12,4,G,6,2,T5,C,low,medium,google/gemma-4-31b-it,1,0.6687561002644625,0.6956603093580767,0.6120075285434723,0.3312438997355374,1.0,0.37168141592920356,0.0,0.578409177606756,0.5315657528963956
7d6db4a4-3c83-4f79-98cb-cbe5a6a19a44,P-A4880A1CE2,13,4,A,7,1,T1,A,high,small,google/gemma-3-4b-it,1,0.6541851217096503,0.6731108806350015,0.6032501806815466,0.3458148782903498,1.0,0.5079365079365079,0.16666666666666666,0.5873573911009414,0.5415082123343793
3f5efd1d-ed1d-43a2-8078-6b4f3fb60445,P-A4880A1CE2,14,4,A,7,2,T1,D,high,small,google/gemma-3-4b-it,1,0.6398285518993031,0.6944744641130621,0.5652340352535248,0.3601714481006969,1.0,0.5483870967741935,0.08333333333333333,0.574257888396581,0.5269532093295345
35a5e9f4-981d-4a63-b53e-cfa0d699cfe1,P-A4880A1CE2,15,4,H,8,1,T5,C,low,medium,google/gemma-4-31b-it,0,0.6479205976832997,0.6838649186221036,0.6004676669836044,0.3520794023167003,1.0,0.29523809523809524,0.16666666666666666,0.5883252435561384,0.5425836039512647
58250eb1-7cc9-48ec-8d51-9e155b11151d,P-A4880A1CE2,16,4,H,8,2,T5,D,low,medium,google/gemma-4-31b-it,0,0.6476399248296564,0.721560846675526,0.6576867749293646,0.35236007517034357,1.0,0.5,0.25,0.6156135168039438,0.5729039075599376
e6a855aa-7796-47e0-945e-0231f7379169,P-C6EF7782E8,1,1,A,1,1,T8,A,high,small,google/gemma-3-4b-it,1,0.6445818597620184,0.6857060844247992,0.5233570908506712,0.35541814023798163,1.0,0.6842105263157895,0.0,0.556270821031296,0.5069675789236622
21829a0c-5ecf-4ba5-81b0-84dbb839c406,P-C6EF7782E8,2,1,A,1,2,T8,C,high,small,google/gemma-3-4b-it,1,0.6723360798575662,0.7080120715227994,0.5445081119736036,0.32766392014243384,1.0,0.5802469135802469,0.25,0.5927376446850373,0.5474862718722636
fc4f041e-b086-475c-9d5f-b4f16b01bebb,P-C6EF7782E8,3,1,B,2,1,T8,A,high,small,google/gemma-3-4b-it,0,0.6240036704323508,0.6711581782861189,0.530566210548083,0.37599632956764917,1.0,0.6986301369863014,0.25,0.5777452448100755,0.5308280497889727
abe209dd-9e81-4fd9-b77c-cdbe3e6718c0,P-C6EF7782E8,4,1,B,2,2,T8,C,high,small,google/gemma-3-4b-it,0,0.6842677809975364,0.7140484235503457,0.6257910827795664,0.3157322190024636,1.0,0.875,0.16666666666666666,0.6030613460324028,0.5589570511471141
97295551-33e1-494b-b619-a9495dda11c7,P-C6EF7782E8,5,1,H,3,1,T7,C,low,medium,google/gemma-4-31b-it,0,0.6983114210042086,0.7149406671524048,0.682240163286527,0.3016885789957913,1.0,0.672566371681416,0.25,0.6242673081882072,0.5825192313202302
3bc96e5d-c34b-4b60-940d-0277ec63c483,P-C6EF7782E8,6,1,H,3,2,T7,A,low,medium,google/gemma-4-31b-it,0,0.6676782965660095,0.6868845061822371,0.6968006193637848,0.3323217034339905,1.0,0.950354609929078,0.16666666666666666,0.6101715214324721,0.56685724603608
90d5ef03-ec17-4842-8f3d-5db71b3b7e81,P-C6EF7782E8,7,1,C,4,1,T7,C,low,small,google/gemma-3-4b-it,1,0.67859962311658,0.6929241852326826,0.5764735067884127,0.3214003768834201,1.0,0.7926829268292683,0.16666666666666666,0.5884061673825438,0.5426735193139375
04065ea3-23fd-404b-8649-d8f64f2466e4,P-C6EF7782E8,8,1,C,4,2,T7,A,low,small,google/gemma-3-4b-it,1,0.5536001920700073,0.6386303901672363,0.5504042108853658,0.4463998079299927,1.0,0.953125,0.16666666666666666,0.5598336060841879,0.5109262289824309
32ab8aaa-a0e0-4e95-9da8-bf2be567ee63,P-C6EF7782E8,9,1,G,5,1,T7,C,low,medium,google/gemma-4-31b-it,1,0.7591177170926874,0.7834075743501837,0.6976526031891505,0.24088228290731256,1.0,0.9924242424242424,0.08333333333333333,0.6304571405504689,0.5893968228338543
b26ce9df-efe3-4ead-b8ae-af3a7b75f48f,P-C6EF7782E8,10,1,G,5,2,T7,A,low,medium,google/gemma-4-31b-it,1,0.7174869504841891,0.7130690487948331,0.6342811435461044,0.28251304951581085,1.0,0.6879432624113475,0.16666666666666666,0.6078854001832732,0.5643171113147479
0d063138-8970-49e5-aeeb-f7c630a979c4,P-C6EF7782E8,11,1,D,6,1,T7,A,low,small,google/gemma-3-4b-it,0,0.6932939291000366,0.7050027034499429,0.5439981743693352,0.3067060708999634,1.0,0.8375,0.16666666666666666,0.5857962351405259,0.5397735946005843
d55ca028-d0fb-41bd-952c-4ec226d8c932,P-C6EF7782E8,12,1,D,6,2,T7,C,low,small,google/gemma-3-4b-it,0,0.6194098104130138,0.6631208874962546,0.5731804395715395,0.3805901895869862,1.0,0.9538461538461539,0.25,0.5842012464548602,0.5380013849498446
9a02fd15-fe01-4e7f-9476-9453c6651a07,P-C6EF7782E8,13,1,F,7,1,T8,C,high,medium,google/gemma-4-31b-it,0,0.7186386097561229,0.7316767735914751,0.6736822923024496,0.2813613902438771,1.0,0.7741935483870968,0.25,0.6279356741543972,0.5865951935048858
b914f870-e4c4-4b3e-a162-da6f020c0993,P-C6EF7782E8,14,1,F,7,2,T8,A,high,medium,google/gemma-4-31b-it,0,0.725130704316226,0.7149759801951322,0.6255955845117569,0.2748692956837741,1.0,0.9322033898305084,0.08333333333333333,0.5989607167063337,0.5544007963403708
3e1215dc-ba1d-45dc-ad1c-adeb348bc7ec,P-C6EF7782E8,15,1,E,8,1,T8,A,high,medium,google/gemma-4-31b-it,1,0.685110791163011,0.7038735801523383,0.6423190658291181,0.31488920883698895,1.0,0.8064516129032258,0.0,0.5877496083125924,0.5419440092362138
f353ca11-9515-46d4-bfd0-a0bc63b03ebe,P-C6EF7782E8,16,1,E,8,2,T8,C,high,medium,google/gemma-4-31b-it,1,0.6354700001803312,0.6701186082579873,0.6285260766744614,0.3645299998196689,1.0,0.6721311475409836,0.16666666666666666,0.5899426036711897,0.5443806707457662
625a8df3-8400-4df2-a18c-6451dc28d414,P-E83994D768,1,2,B,1,1,T5,A,high,small,google/gemma-3-4b-it,0,0.6753464883024042,0.6967786008661444,0.5152369091908137,0.32465351169759576,1.0,0.359375,0.16666666666666666,0.5766044175082988,0.5295604638981097
db07a3e8-537c-47e2-95ae-8706e593a609,P-E83994D768,2,2,B,1,2,T5,C,high,small,google/gemma-3-4b-it,0,0.7317340211434797,0.7327740029855208,0.5667974054813385,0.2682659788565202,1.0,0.6164383561643836,0.08333333333333333,0.5914210171410531,0.546023352378948
63ca9bf2-8129-450e-95c8-e8f8640b72e3,P-E83994D768,3,2,C,2,1,T2,B,low,small,google/gemma-3-4b-it,1,0.6928448514504866,0.6992644721811468,0.5906690061092377,0.30715514854951337,1.0,0.5138888888888888,0.3333333333333333,0.6106045141364589,0.5673383490405098
db0e5579-7424-47da-9732-cf6210b63dd2,P-E83994D768,4,2,C,2,2,T2,A,low,small,google/gemma-3-4b-it,1,0.6443659121339972,0.6693409031087701,0.6132933845122656,0.35563408786600287,1.0,0.47297297297297297,0.3333333333333333,0.6042967820709402,0.5603297578566002
7c88fce9-adce-4aa0-86ea-0e5bd730f155,P-E83994D768,5,2,A,3,1,T5,A,high,small,google/gemma-3-4b-it,1,0.6722062826156616,0.6713849251920526,0.5770566115776697,0.3277937173843384,1.0,0.45588235294117646,0.08333333333333333,0.575242268948844,0.5280469654987157
19d88ee3-4ac0-419b-b80b-bbc67bcf9f59,P-E83994D768,6,2,A,3,2,T5,C,high,small,google/gemma-3-4b-it,1,0.6926955797455527,0.7037463946775957,0.5436584502458572,0.30730442025444726,1.0,0.45901639344262296,0.08333333333333333,0.5770838602925792,0.5300931781028658
4a560c49-879c-40d8-92a9-d0121eb8a525,P-E83994D768,7,2,D,4,1,T2,A,low,small,google/gemma-3-4b-it,0,0.732376906004819,0.7489455071362582,0.523406075934569,0.26762309399518097,1.0,0.4125,0.08333333333333333,0.5860413405479806,0.5400459339422008
64ea6231-9b0a-4fb7-a959-f5f274ff35b4,P-E83994D768,8,2,D,4,2,T2,B,low,small,google/gemma-3-4b-it,0,0.7976478392427618,0.8043395660140298,0.6732692966858546,0.20235216075723822,1.0,0.5492957746478874,0.3333333333333333,0.6586198897975863,0.6206887664417626
8bccacd5-29f3-4e7f-a123-24754ea8fe8b,P-E83994D768,9,2,H,5,1,T2,A,low,medium,google/gemma-4-31b-it,0,0.6389935395934365,0.6734966689890082,0.6130504806836446,0.3610064604065635,1.0,0.42424242424242425,0.0,0.5712087838938743,0.5235653154376381
4cf006f5-a4f7-44ad-9577-9baf1403df75,P-E83994D768,10,2,H,5,2,T2,B,low,medium,google/gemma-4-31b-it,0,0.6492975841869008,0.7018719369714911,0.5859611655275027,0.35070241581309924,1.0,0.4457831325301205,0.08333333333333333,0.5808297122518221,0.5342552358353579
3f640723-3176-4654-8ab5-82a2a2302b65,P-E83994D768,11,2,E,6,1,T5,A,high,medium,google/gemma-4-31b-it,1,0.6536978754130277,0.6780175945975564,0.5754419540365537,0.34630212458697235,1.0,0.32231404958677684,0.0,0.5660616972681248,0.5178463302979164
56af9664-8a1b-4584-82ff-3c9818e72c81,P-E83994D768,12,2,E,6,2,T5,C,high,medium,google/gemma-4-31b-it,1,0.6699377515099265,0.706190824508667,0.6102519085009893,0.3300622484900735,1.0,0.4766355140186916,0.0,0.5802823217529239,0.5336470241699155
2d7df9a2-8b2f-4c53-b9c2-f6b2d653b9f8,P-E83994D768,13,2,G,7,1,T2,A,low,medium,google/gemma-4-31b-it,1,0.6226332566954873,0.6599149812351573,0.5796050131320953,0.3773667433045127,1.0,0.47959183673469385,0.0,0.5601673245429992,0.5112970272699991
0a509036-bca0-43b8-a67d-c0713e8c4de1,P-E83994D768,14,2,G,7,2,T2,B,low,medium,google/gemma-4-31b-it,1,0.6494129408489574,0.683351690118963,0.6005390261610349,0.3505870591510426,1.0,0.22772277227722773,0.16666666666666666,0.5883861040075621,0.5426512266750688
99cf078e-a979-4c7f-af9c-15f19b326aed,P-E83994D768,15,2,F,8,1,T5,C,high,medium,google/gemma-4-31b-it,0,0.6634338985789906,0.6844294287941672,0.5744670207301775,0.3365661014210094,1.0,0.6923076923076923,0.16666666666666666,0.5847893464294347,0.5386548293660385
c5472e5e-c6b9-4561-9bb4-6708f624939f,P-E83994D768,16,2,F,8,2,T5,A,high,medium,google/gemma-4-31b-it,0,0.6131907024166801,0.6548233411528848,0.5895359888672829,0.38680929758331994,1.0,0.26605504587155965,0.08333333333333333,0.5685242695790349,0.5205825217544833
6f3b5e60-b304-4220-9899-20b0ded39255,P-EAA9A620E2,1,8,H,1,1,T5,B,low,medium,google/gemma-4-31b-it,0,0.6728457320820201,0.6953362985090776,0.6262681037187576,0.32715426791797986,1.0,0.5948275862068966,0.16666666666666666,0.5982721203204359,0.5536356892449287
598ed132-9be0-43f4-8e6e-34fdd5df50e5,P-EAA9A620E2,2,8,H,1,2,T5,C,low,medium,google/gemma-4-31b-it,0,0.6662987199696627,0.7075684666633606,0.6214181880156199,0.3337012800303372,1.0,0.7083333333333334,0.0,0.5824272029327624,0.5360302254808471
70711db8-3df0-4bea-adda-9f62d30fd46c,P-EAA9A620E2,3,8,A,2,1,T7,B,high,small,google/gemma-3-4b-it,1,0.6794927418231964,0.6962283009832556,0.574666385849317,0.3205072581768036,1.0,0.7530864197530864,0.08333333333333333,0.5804615448821675,0.5338461609801861
35ccae95-7c32-46f2-a20f-575f8de21cd8,P-EAA9A620E2,4,8,A,2,2,T7,A,high,small,google/gemma-3-4b-it,1,0.6413817622444846,0.6994354020465504,0.5632766832907995,0.3586182377555154,1.0,0.5633802816901409,0.08333333333333333,0.5750139266252517,0.5277932518058354
a7f36feb-2582-49c6-90ab-39ad9e1f99ec,P-EAA9A620E2,5,8,G,3,1,T5,B,low,medium,google/gemma-4-31b-it,1,0.6798395026813854,0.7223802913318981,0.6652040829261144,0.3201604973186146,1.0,0.45714285714285713,0.0,0.5955008251197411,0.5505564723552678
a618d45e-cc43-4e72-884b-10e39cff9236,P-EAA9A620E2,6,8,G,3,2,T5,C,low,medium,google/gemma-4-31b-it,1,0.6903496601364829,0.706005031412298,0.6187752236922582,0.3096503398635171,1.0,0.4329896907216495,0.08333333333333333,0.5923243503678929,0.5470270559643255
a09667b0-7080-41c5-97f2-fd7b262f2207,P-EAA9A620E2,7,8,B,4,1,T7,A,high,small,google/gemma-3-4b-it,0,0.6699279709295793,0.6965505047277971,0.5694997111956278,0.3300720290704207,1.0,0.5604395604395604,0.16666666666666666,0.5868695069443096,0.5409661188270106
c7c227c9-e8f1-43a6-8523-d7a04e2047f4,P-EAA9A620E2,8,8,B,4,2,T7,B,high,small,google/gemma-3-4b-it,0,0.6656221015886827,0.7069687626578591,0.5036997174223264,0.3343778984113173,1.0,0.6666666666666666,0.16666666666666666,0.5753625728415721,0.5281806364906356
e94c2542-320d-4105-9e20-feed7c615f52,P-EAA9A620E2,9,8,F,5,1,T7,B,high,medium,google/gemma-4-31b-it,0,0.6802654266357422,0.7029823173176158,0.6088599661986033,0.3197345733642578,1.0,0.512396694214876,0.0,0.580394999366818,0.5337722215186868
5b82a4e9-55a0-42f4-9c6e-396d7b15985e,P-EAA9A620E2,10,8,F,5,2,T7,A,high,medium,google/gemma-4-31b-it,0,0.6932935931465842,0.6879267963496122,0.6078134775161743,0.30670640685341577,1.0,0.6451612903225806,0.0,0.5784774140878157,0.5316415712086842
cc8a0eab-f211-4e74-82bd-ff6eca8334f7,P-EAA9A620E2,11,8,C,6,1,T5,B,low,small,google/gemma-3-4b-it,1,0.6476332382722334,0.7024843963709745,0.5802767078081766,0.35236676172776654,1.0,0.8354430379746836,0.16666666666666666,0.5879822113297203,0.5422024570330225
38c83192-54f9-49a2-abf1-3da6585ea7e3,P-EAA9A620E2,12,8,C,6,2,T5,C,low,small,google/gemma-3-4b-it,1,0.6539615880359303,0.6654258153655312,0.5621648405989011,0.3460384119640697,1.0,0.7317073170731707,0.08333333333333333,0.5692476233298128,0.5213862481442365
d960c850-c058-4f71-b62e-52152adca27e,P-EAA9A620E2,13,8,E,7,1,T7,A,high,medium,google/gemma-4-31b-it,1,0.6658427932045676,0.6881663582541726,0.6103018820285797,0.33415720679543237,1.0,0.8017241379310345,0.0,0.5762779273770072,0.5291976970855636
ef0f49a4-9aaf-4882-ba4b-480382324fec,P-EAA9A620E2,14,8,E,7,2,T7,B,high,medium,google/gemma-4-31b-it,1,0.6809133670546792,0.7027981660582803,0.6041370183229446,0.3190866329453208,1.0,0.5299145299145299,0.08333333333333333,0.5878117069150463,0.5420130076833848
0b32af5d-3a3f-454d-a5d9-ac823f3b408d,P-EAA9A620E2,15,8,D,8,1,T5,C,low,small,google/gemma-3-4b-it,0,0.698421364480799,0.7412030642682855,0.5392136424779892,0.3015786355192011,1.0,0.5,0.16666666666666666,0.5925921444640015,0.5473246049600017
a5fdc4e4-17ed-4bcb-9549-06a8c3dcf097,P-EAA9A620E2,16,8,D,8,2,T5,B,low,small,google/gemma-3-4b-it,0,0.6462453468279405,0.689243652603843,0.6060537497202555,0.3537546531720595,1.0,0.4868421052631579,0.16666666666666666,0.5903506818142805,0.5448340909047561
27f7a938-d24f-4a30-85c1-c187c3938199,P-FB0E050FB9,1,6,F,1,1,T7,C,high,medium,google/gemma-4-31b-it,0,0.6182384599338878,0.6460917808792808,0.6016171375910441,0.3817615400661122,1.0,0.3707865168539326,0.25,0.5863656296874538,0.540406255208282
523eade3-b0ff-422f-b7b9-ce1819526ab2,P-FB0E050FB9,2,6,F,1,2,T7,D,high,medium,google/gemma-4-31b-it,0,0.6267227096991106,0.6764774159951643,0.5709336474537849,0.37327729030088946,1.0,0.3181818181818182,0.25,0.5871544836597009,0.5412827596218899
b16124aa-b8be-4fa5-b25c-9b2908ffa7e5,P-FB0E050FB9,3,6,G,2,1,T1,A,low,medium,google/gemma-4-31b-it,1,0.6228563514622775,0.6957513419064608,0.618495004872481,0.3771436485377225,1.0,0.33636363636363636,0.08333333333333333,0.5834682378353494,0.537186930928166
4496c586-964d-4b84-83f6-213cdde3aa4a,P-FB0E050FB9,4,6,G,2,2,T1,C,low,medium,google/gemma-4-31b-it,1,0.6649211103265936,0.6902841437946666,0.5896017104387283,0.33507888967340643,1.0,0.2992125984251969,0.16666666666666666,0.5891359485460052,0.5434843872733389
e5c6ef80-1415-433a-aa2a-bbee8af31115,P-FB0E050FB9,5,6,E,3,1,T7,C,high,medium,google/gemma-4-31b-it,1,0.7498712648044933,0.7752636508508162,0.6091372569402059,0.2501287351955067,1.0,0.24,0.3333333333333333,0.6352006413719871,0.5946673793022078
7b504fc6-de4d-4dde-9b5f-1ea68305d5ad,P-FB0E050FB9,6,6,E,3,2,T7,D,high,medium,google/gemma-4-31b-it,1,0.6377338983795859,0.6588525988838889,0.5778693457444509,0.36226610162041406,1.0,0.09554140127388536,0.3333333333333333,0.5944511120969599,0.5493901245521776
b5fd0a33-4c23-4e12-a6f4-c85d58265b6c,P-FB0E050FB9,7,6,H,4,1,T1,C,low,medium,google/gemma-4-31b-it,0,0.6370696479623968,0.7133703394369646,0.6078826760252317,0.3629303520376032,1.0,0.3564356435643564,0.0,0.577957567888679,0.5310639643207544
9e46aafb-c72d-4fa7-8535-097a2a39785a,P-FB0E050FB9,8,6,H,4,2,T1,A,low,medium,google/gemma-4-31b-it,0,0.7052140561017123,0.7242034456946633,0.6636353060603142,0.29478594389828766,1.0,0.3300970873786408,0.16666666666666666,0.6147558226278335,0.5719509140309261
1228302a-1aea-4c92-bfb7-7d3be34ec87c,P-FB0E050FB9,9,6,D,5,1,T1,C,low,small,google/gemma-3-4b-it,0,0.617194181138819,0.6818429069085554,0.5682300751407942,0.3828058188611811,1.0,0.3108108108108108,0.0,0.5617340145237518,0.5130377939152798
8b1946f9-afa0-4eab-a94d-3e57bdc33a9c,P-FB0E050FB9,10,6,D,5,2,T1,A,low,small,google/gemma-3-4b-it,0,0.6475188081914728,0.6763006557117809,0.5949456319212914,0.35248119180852716,1.0,0.45569620253164556,0.0,0.5690011383457618,0.5211123759397354
11fccb7d-fc4c-4d22-bfd8-5cf5ed18a76c,P-FB0E050FB9,11,6,A,6,1,T7,D,high,small,google/gemma-3-4b-it,1,0.5704961283640428,0.6849230907180093,0.553897405664126,0.4295038716359572,1.0,0.4857142857142857,0.25,0.5798137121128314,0.5331263467920349
102a4379-3100-42eb-a56a-34160dcd3891,P-FB0E050FB9,12,6,A,6,2,T7,C,high,small,google/gemma-3-4b-it,1,0.6561233130368319,0.6769040118564259,0.5444453929861387,0.34387668696316803,1.0,0.3707865168539326,0.25,0.5848822122721961,0.5387580136357734
d89466c3-2426-49c2-8237-000921df2cba,P-FB0E050FB9,13,6,C,7,1,T1,A,low,small,google/gemma-3-4b-it,1,0.6379393122412942,0.6484155438163064,0.5964613283673922,0.3620606877587058,1.0,0.4745762711864407,0.3333333333333333,0.5961026389942025,0.5512251544380028
97f45085-0598-44f3-bd78-f95e9a7fb1cb,P-FB0E050FB9,14,6,C,7,2,T1,C,low,small,google/gemma-3-4b-it,1,0.6397120248187672,0.6847301884130998,0.5561458542943001,0.3602879751812328,1.0,0.38461538461538464,0.4166666666666667,0.6038130776900233,0.5597923085444704
3abb7580-b3da-4149-82eb-e03c4e3a2e78,P-FB0E050FB9,15,6,B,8,1,T7,D,high,small,google/gemma-3-4b-it,0,0.6193218177015131,0.6658966920592568,0.5606248527765274,0.3806781822984869,1.0,0.2926829268292683,0.4166666666666667,0.5989031574039747,0.554336841559972
3888a4ac-30bf-4804-98d4-5dd2450e35d8,P-FB0E050FB9,16,6,B,8,2,T7,C,high,small,google/gemma-3-4b-it,0,0.5800421400503679,0.6476175134832208,0.5707467521230379,0.41995785994963214,1.0,0.17346938775510204,0.4166666666666667,0.5933437337929551,0.5481597042143946
