participant_id,model_size,personality_context_enabled,topic_preference,engagement_score,coherence,windowed_coherence,topic_consistency,novelty,turn_balance,token_balance,question_rate,engagement_sensitivity_no_turn_balance
P-2644CBC033,medium,0,high,0.5979078298491058,0.6745644916187633,0.706505073742433,0.6332518296937147,0.3254355083812367,1.0,0.9590791137134873,0.125,0.5532309220545621
P-2644CBC033,medium,0,low,0.5977927621115338,0.6313740760087967,0.6931572908704932,0.6676194816827774,0.3686259239912033,1.0,0.8825757575757576,0.125,0.5531030690128154
P-2644CBC033,medium,1,high,0.5863016746712453,0.648707235401327,0.6892669065432115,0.6470545157790184,0.3512927645986731,1.0,0.7634507778392671,0.041666666666666664,0.5403351940791614
P-2644CBC033,medium,1,low,0.6011218791206678,0.6940124387090856,0.7210288020697507,0.6459077075123787,0.30598756129091437,1.0,0.8558608058608059,0.08333333333333333,0.5568020879118531
P-2644CBC033,small,0,high,0.5739798783578656,0.6049532727761702,0.6648205708373677,0.5901021845638752,0.3950467272238298,1.0,0.4350027367268746,0.125,0.5266443092865173
P-2644CBC033,small,0,low,0.5647007803347979,0.6082187755541368,0.6577512405135415,0.549143273383379,0.39178122444586316,1.0,0.26168699186991873,0.125,0.5163342003719975
P-2644CBC033,small,1,high,0.5765323195267809,0.6790882755409589,0.70026034116745,0.5928571186959743,0.32091172445904126,1.0,0.37922297297297297,0.0,0.5294803550297564
P-2644CBC033,small,1,low,0.5773427766380889,0.6656353717500514,0.7047729031606154,0.536623294154803,0.33436462824994867,1.0,0.3506849315068493,0.125,0.5303808629312099
P-2DB0DA1D0E,medium,0,high,0.5917217119850895,0.6825735027139836,0.7059174857356332,0.6197376561661561,0.3174264972860163,1.0,0.8212023905093212,0.08333333333333333,0.5463574577612107
P-2DB0DA1D0E,medium,0,low,0.6101258500958935,0.7175943092866377,0.7444584423845464,0.6140403201182683,0.28240569071336225,1.0,0.8360881542699725,0.16666666666666666,0.5668065001065483
P-2DB0DA1D0E,medium,1,high,0.5975727590421837,0.6941604749722914,0.7182913205840371,0.6308255704740684,0.3058395250277086,1.0,0.6442307692307693,0.08333333333333333,0.5528586211579818
P-2DB0DA1D0E,medium,1,low,0.6231584618037398,0.7275324138728054,0.744117184118791,0.6537422512968382,0.2724675861271945,1.0,0.7538121170864533,0.20833333333333331,0.581287179781933
P-2DB0DA1D0E,small,0,high,0.5831033888639825,0.675929074937647,0.7014154954390093,0.56363691141208,0.32407092506235297,1.0,0.777014652014652,0.125,0.5367815431822028
P-2DB0DA1D0E,small,0,low,0.5971010780018388,0.7102370072494855,0.7227255837483839,0.6159946359694004,0.28976299275051465,1.0,0.7345652173913043,0.08333333333333333,0.5523345311131542
P-2DB0DA1D0E,small,1,high,0.5927197018130259,0.695705153725364,0.7242390405048024,0.5790068916976452,0.304294846274636,1.0,0.6747703515996198,0.125,0.5474663353478066
P-2DB0DA1D0E,small,1,low,0.5886156425331579,0.6574779423800382,0.6829832087863575,0.5771893660227457,0.3425220576199618,1.0,0.7974380630630631,0.20833333333333331,0.5429062694812865
P-41FE7B6C8E,medium,0,high,0.5762009259877783,0.6486610472202301,0.6682167757641185,0.5967906638979912,0.3513389527797699,1.0,0.4381920580374189,0.08333333333333333,0.5291121399864203
P-41FE7B6C8E,medium,0,low,0.5985504844423497,0.6686264330690557,0.703237612139095,0.6427015935381253,0.3313735669309443,1.0,0.4594276334570368,0.125,0.553944982713722
P-41FE7B6C8E,medium,1,high,0.5772736482999542,0.609691167419607,0.6472723104737022,0.5800836806495984,0.390308832580393,1.0,0.43373952779893377,0.20833333333333331,0.5303040536666157
P-41FE7B6C8E,medium,1,low,0.5917848208636949,0.6952734968879006,0.7175523990934545,0.622901623447736,0.30472650311209937,1.0,0.4340430201931519,0.041666666666666664,0.5464275787374387
P-41FE7B6C8E,small,0,high,0.6047801510176876,0.6941827102140947,0.7183721471916545,0.5209372527897358,0.30581728978590533,1.0,0.2839506172839506,0.375,0.5608668344640972
P-41FE7B6C8E,small,0,low,0.597390516757062,0.6795806342905218,0.7024162926457145,0.590579307327668,0.3204193657094782,1.0,0.2585148514851485,0.20833333333333331,0.552656129730069
P-41FE7B6C8E,small,1,high,0.5826919948738634,0.6808123778213154,0.7025099044496363,0.537210547675689,0.31918762217868457,1.0,0.4521303258145363,0.16666666666666666,0.536324438748737
P-41FE7B6C8E,small,1,low,0.5884307367332055,0.6526465172117407,0.6927733258767561,0.5688904325167338,0.34735348278825934,1.0,0.31910896403650024,0.20833333333333331,0.5427008185924505
P-44138CFA98,medium,0,high,0.6032811330800707,0.710020506923849,0.7271222174167633,0.6217731945216656,0.2899794930761511,1.0,0.8729702500888942,0.125,0.5592012589778563
P-44138CFA98,medium,0,low,0.5922484024004504,0.6613386598500338,0.6991173977201635,0.5981219510237377,0.3386613401499662,1.0,0.3438061848256023,0.16666666666666666,0.5469426693338336
P-44138CFA98,medium,1,high,0.5867742279262254,0.6751634871417826,0.7100884142247113,0.615367648502191,0.3248365128582174,1.0,0.8819591261451727,0.041666666666666664,0.5408602532513616
P-44138CFA98,medium,1,low,0.6060799412655108,0.6766330626877871,0.7279162108898163,0.6725002974271774,0.32336693731221283,1.0,0.8534428794992175,0.08333333333333333,0.5623110458505676
P-44138CFA98,small,0,high,0.5713256672927827,0.6664965396577661,0.6995550475337289,0.5738250191013018,0.3335034603422338,1.0,0.3083535108958838,0.0,0.5236951858808696
P-44138CFA98,small,0,low,0.5669282048714883,0.6532864706082777,0.6847478964112022,0.531583225975434,0.3467135293917223,1.0,0.27755577755577754,0.08333333333333333,0.518809116523876
P-44138CFA98,small,1,high,0.5699292095998924,0.6207540116526864,0.6766275871883739,0.5501414549847443,0.3792459883473136,1.0,0.5273809523809524,0.125,0.5221435662221026
P-44138CFA98,small,1,low,0.5651251810292404,0.634075403213501,0.6790082156658173,0.5379133212069671,0.365924596786499,1.0,0.39623287671232876,0.08333333333333333,0.5168057566991558
P-482AABB718,medium,0,high,0.5873637362863078,0.6734653955156154,0.7070259749889374,0.6430600086847942,0.3265346044843847,1.0,0.7911837148652565,0.0,0.5415152625403421
P-482AABB718,medium,0,low,0.5997216357426209,0.7163382931189104,0.7430666522546248,0.6057057132323582,0.28366170688108966,1.0,0.8204718112754898,0.08333333333333333,0.5552462619362455
P-482AABB718,medium,1,high,0.5882432898337191,0.6811015849763697,0.6995499784296209,0.6302823449174563,0.3188984150236303,1.0,0.724937343358396,0.041666666666666664,0.5424925442596878
P-482AABB718,medium,1,low,0.5960319091424797,0.6749900579452515,0.6983888122168455,0.652609037856261,0.32500994205474854,1.0,0.8818146417445483,0.08333333333333333,0.5511465657138664
P-482AABB718,small,0,high,0.5778277172961018,0.7029008865356445,0.7241183627735485,0.5219031137724718,0.29709911346435547,1.0,0.8658579465541492,0.08333333333333333,0.5309196858845575
P-482AABB718,small,0,low,0.5789045421688845,0.6714841858907179,0.7018896774812178,0.544390940417846,0.32851581410928204,1.0,0.8322222222222222,0.125,0.5321161579654273
P-482AABB718,small,1,high,0.5896344023220468,0.6730594038963318,0.6893911497159437,0.5889178266127904,0.3269405961036682,1.0,0.7869623655913979,0.16666666666666666,0.5440382248022742
P-482AABB718,small,1,low,0.5745131546349236,0.6459416110407222,0.6802434514869343,0.5360181828339894,0.35405838895927777,1.0,0.879813863928113,0.16666666666666666,0.5272368384832485
P-4CD2E82E33,medium,0,high,0.6064870130383607,0.6746251691471447,0.7222214368256656,0.6187343771258991,0.32537483085285535,1.0,0.5242320547509152,0.20833333333333331,0.5627633478204008
P-4CD2E82E33,medium,0,low,0.5697354209919772,0.6337309967387806,0.6760536188429052,0.5849246544142563,0.36626900326121936,1.0,0.9331921447824413,0.041666666666666664,0.5219282455466412
P-4CD2E82E33,medium,1,high,0.5919106550966249,0.7133372073823755,0.7282633835619146,0.6246212882300217,0.28666279261762445,1.0,0.43904991948470207,0.0,0.5465673945518054
P-4CD2E82E33,medium,1,low,0.5920724845068022,0.6874281113797969,0.7178387885743922,0.6071429116030533,0.3125718886202032,1.0,0.9037356321839081,0.08333333333333333,0.5467472050075579
P-4CD2E82E33,small,0,high,0.5994809894399209,0.6769129959019747,0.6868031079118901,0.5971453413367271,0.32308700409802527,1.0,0.5367296119526872,0.25,0.5549788771554678
P-4CD2E82E33,small,0,low,0.5987243036880638,0.6604428887367249,0.681638094511899,0.6275953128933907,0.33955711126327515,1.0,0.7192857142857143,0.20833333333333331,0.5541381152089597
P-4CD2E82E33,small,1,high,0.6082519408879858,0.6808567372235386,0.7273692136461085,0.6192954555153847,0.31914326277646154,1.0,0.6178315412186379,0.20833333333333331,0.5647243787644287
P-4CD2E82E33,small,1,low,0.5753591783344746,0.6639847430315885,0.6829254789785906,0.5702113745113214,0.3360152569684115,1.0,0.5736443883984867,0.08333333333333333,0.528176864816083
P-624C8AC269,medium,0,high,0.5975336979058656,0.7137938006357714,0.731979795477607,0.627958460400502,0.28620619936422864,1.0,0.5125603864734299,0.041666666666666664,0.5528152198954062
P-624C8AC269,medium,0,low,0.5867076743055474,0.7041378075426274,0.7227414873513308,0.6087279804050922,0.2958621924573725,1.0,0.4271844660194175,0.0,0.5407863047839415
P-624C8AC269,medium,1,high,0.5907416138233561,0.6927563846111298,0.7058867703784596,0.6306097730994225,0.30724361538887024,1.0,0.44104970455335424,0.041666666666666664,0.545268459803729
P-624C8AC269,medium,1,low,0.5871526382637746,0.6543412750417537,0.7038396163420244,0.6339196041226387,0.3456587249582464,1.0,0.49429347826086956,0.041666666666666664,0.5412807091819718
P-624C8AC269,small,0,high,0.5840514586278888,0.6504920395937833,0.6830759563229301,0.5577686503529549,0.34950796040621673,1.0,0.26615575807787906,0.20833333333333331,0.5378349540309875
P-624C8AC269,small,0,low,0.5921621654747111,0.7253171503543854,0.7276094366203655,0.5997094822426636,0.2746828496456146,1.0,0.6180555555555556,0.041666666666666664,0.5468468505274567
P-624C8AC269,small,1,high,0.5777721514530254,0.6640011939135464,0.6909250048073856,0.5742684888343017,0.3359988060864535,1.0,0.6355695317959469,0.08333333333333333,0.5308579460589171
P-624C8AC269,small,1,low,0.5807013771524936,0.6499704989519987,0.6968274522911418,0.5691941839953263,0.35002950104800135,1.0,0.4663009404388715,0.125,0.5341126412805484
P-645F09EEB6,medium,0,high,0.6004881461235609,0.7013136609034105,0.7409040088003331,0.6400465580324333,0.29868633909658954,1.0,0.7744604316546763,0.041666666666666664,0.5560979401372899
P-645F09EEB6,medium,0,low,0.6058485917521246,0.6921393166888844,0.715221185575832,0.6554521148403485,0.3078606833111156,1.0,0.7838541666666667,0.125,0.562053990835694
P-645F09EEB6,medium,1,high,0.6039857370835362,0.7092592364007777,0.7260717966339805,0.6267272705833118,0.29074076359922235,1.0,0.7121733015587765,0.125,0.5599841523150404
P-645F09EEB6,medium,1,low,0.6109795532443306,0.6966322389515963,0.7237686162645166,0.6703130304813385,0.3033677610484037,1.0,0.8604166666666666,0.125,0.5677550591603674
P-645F09EEB6,small,0,high,0.5777749517198766,0.6678941656242718,0.6789279444651171,0.5426663979887962,0.33210583437572827,1.0,0.38989524225229155,0.16666666666666666,0.5308610574665295
P-645F09EEB6,small,0,low,0.5742583282517664,0.6362776024775072,0.6819348714568398,0.5795513018965721,0.3637223975224928,1.0,0.5671296296296297,0.08333333333333333,0.5269536980575182
P-645F09EEB6,small,1,high,0.5723595577884804,0.6651780253106898,0.6858010373332284,0.5309077389538288,0.33482197468931024,1.0,0.3774193548387097,0.125,0.5248439530983116
P-645F09EEB6,small,1,low,0.5954842818957387,0.6943586333231493,0.7175900746475566,0.537652018169562,0.3056413666768507,1.0,0.41839080459770117,0.25,0.5505380909952652
P-6742519DE7,medium,0,high,0.6032290615141391,0.6417608206922358,0.6783477095040408,0.5794171877205372,0.3582391793077642,1.0,0.4329776158250911,0.375,0.5591434016823769
P-6742519DE7,medium,0,low,0.6116571309891614,0.7221866250038147,0.7445052130655809,0.661020462711652,0.2778133749961853,1.0,0.3866229418596707,0.08333333333333333,0.5685079233212904
P-6742519DE7,medium,1,high,0.5854344742993514,0.6426055295900865,0.6789093532345511,0.5519602534671624,0.35739447040991346,1.0,0.5322957491709376,0.25,0.5393716381103904
P-6742519DE7,medium,1,low,0.5969565090808001,0.6676489114761353,0.71733297272162,0.6419584502776463,0.33235108852386475,1.0,0.5146281999187322,0.08333333333333333,0.5521738989786669
P-6742519DE7,small,0,high,0.5660367846037403,0.619614767757329,0.6585359383713115,0.5285072674353918,0.38038523224267096,1.0,0.5057300509337861,0.16666666666666666,0.5178186495597112
P-6742519DE7,small,0,low,0.5838556583632123,0.6559318886561827,0.6731259064240889,0.5848531077305477,0.34406811134381726,1.0,0.47868663594470046,0.16666666666666666,0.537617398181347
P-6742519DE7,small,1,high,0.5820690049140742,0.6787150366739794,0.6903419169512662,0.5681455892821152,0.3212849633260207,1.0,0.6062686567164179,0.125,0.5356322276823047
P-6742519DE7,small,1,low,0.581958631516406,0.6718546152114868,0.6916360909288579,0.5488964257140954,0.3281453847885132,1.0,0.6041965566714491,0.16666666666666666,0.5355095905737844
P-6EEA879104,medium,0,high,0.5725028555727366,0.6400440281087703,0.6938176994973964,0.5986745643119018,0.3599559718912298,1.0,0.316837750880956,0.0,0.5250031728585962
P-6EEA879104,medium,0,low,0.6036317329966661,0.6886387684128501,0.7183086546984585,0.6638639594117801,0.3113612315871499,1.0,0.6665714285714286,0.08333333333333333,0.55959081444074
P-6EEA879104,medium,1,high,0.5889876500223623,0.6709474650296299,0.7061866982416674,0.6116111526886623,0.32905253497037024,1.0,0.3155727155727156,0.08333333333333333,0.5433196111359581
P-6EEA879104,medium,1,low,0.5973959208889441,0.6772157576951113,0.7021787383339622,0.654526320596536,0.3227842423048886,1.0,0.6409558378705384,0.08333333333333333,0.5526621343210489
P-6EEA879104,small,0,high,0.5798325563244747,0.6998877633701671,0.7126292369582437,0.5240896629790465,0.3001122366298329,1.0,0.7670250896057347,0.125,0.5331472848049719
P-6EEA879104,small,0,low,0.570345511084253,0.6515416828068821,0.6700862510637804,0.5642037962873777,0.34845831719311804,1.0,0.494314381270903,0.08333333333333333,0.5226061234269479
P-6EEA879104,small,1,high,0.5789246658258366,0.6690055457028476,0.6950903507796201,0.552530205498139,0.33099445429715246,1.0,0.8787878787878788,0.125,0.5321385175842629
P-6EEA879104,small,1,low,0.5707255459644578,0.6263607279820875,0.6607739220965992,0.5463401104013125,0.3736392720179124,1.0,0.7464022464022464,0.16666666666666666,0.523028384404953
P-9E130A1DDC,medium,0,high,0.605922018307628,0.7223911502144553,0.7372294745661996,0.6395183751980464,0.2776088497855447,1.0,0.6321070234113713,0.08333333333333333,0.5621355758973645
P-9E130A1DDC,medium,0,low,0.5832688519900495,0.6487559838728472,0.668075908314098,0.6113903596997261,0.35124401612715284,1.0,0.6832159177456207,0.125,0.536965391100055
P-9E130A1DDC,medium,1,high,0.5932248496196486,0.6816438165577975,0.7060023275288668,0.6276333456238111,0.3183561834422025,1.0,0.6695374800637959,0.08333333333333333,0.5480276106884985
P-9E130A1DDC,medium,1,low,0.5795064162801612,0.6357386735352604,0.6745256862857125,0.6134703916807969,0.36426132646473974,1.0,0.7663003663003662,0.08333333333333333,0.5327849069779569
P-9E130A1DDC,small,0,high,0.5750281968803117,0.5906659256328235,0.6521327197551727,0.5943419684966406,0.4093340743671764,1.0,0.7474120082815734,0.16666666666666666,0.5278091076447907
P-9E130A1DDC,small,0,low,0.5725133937190878,0.6149779829111965,0.6450274099003185,0.5558839005728562,0.38502201708880335,1.0,0.7084751005258274,0.20833333333333331,0.5250148819100977
P-9E130A1DDC,small,1,high,0.5945009316007296,0.6980469037186016,0.7156200950795955,0.6161944443980852,0.30195309628139844,1.0,0.9768702088289717,0.08333333333333333,0.5494454795563661
P-9E130A1DDC,small,1,low,0.5844475636653829,0.6382153901186856,0.6903452575206757,0.5586181990802288,0.36178460988131433,1.0,0.8227969348659003,0.20833333333333331,0.5382750707393142
P-A4880A1CE2,medium,0,high,0.57147480030403,0.6557195782661438,0.6830210414799777,0.5964931709071001,0.3442804217338562,1.0,0.6177033975199113,0.0,0.5238608892266999
P-A4880A1CE2,medium,0,low,0.6019693801800411,0.647780261256478,0.7027128826488148,0.6290772209564846,0.35221973874352197,1.0,0.39761904761904765,0.20833333333333331,0.5577437557556011
P-A4880A1CE2,medium,1,high,0.5961116677658125,0.6840700832280245,0.7214918786829168,0.6461980851987998,0.31592991677197546,1.0,0.7976325145442793,0.041666666666666664,0.5512351864064583
P-A4880A1CE2,medium,1,low,0.5811589964411475,0.653908596797423,0.6898761798035016,0.6389645040035248,0.34609140320257703,1.0,0.408062930186824,0.0,0.5346211071568306
P-A4880A1CE2,small,0,high,0.5836557754287214,0.6614095622842961,0.6897600022229282,0.5853140937785307,0.3385904377157038,1.0,0.5445106536655833,0.125,0.5373953060319127
P-A4880A1CE2,small,0,low,0.577713728086515,0.6427291144024242,0.669051471081647,0.5648192788163822,0.3572708855975758,1.0,0.850297619047619,0.16666666666666666,0.5307930312072388
P-A4880A1CE2,small,1,high,0.5808076397487612,0.6470068368044767,0.6837926723740317,0.5842421079675357,0.3529931631955233,1.0,0.5281618023553507,0.125,0.5342307108319568
P-A4880A1CE2,small,1,low,0.5829092680730603,0.6863383163105358,0.738563602620905,0.5411469129224619,0.31366168368946423,1.0,0.8921707179197287,0.08333333333333333,0.5365658534145115
P-C6EF7782E8,medium,0,high,0.6134481954303654,0.7218846570361744,0.7233263768933036,0.6496389384071033,0.27811534296382556,1.0,0.8531984691088026,0.16666666666666666,0.5704979949226283
P-C6EF7782E8,medium,0,low,0.6172194148103396,0.6829948587851091,0.7009125866673209,0.689520391325156,0.3170051412148909,1.0,0.811460490805247,0.20833333333333331,0.5746882386781551
P-C6EF7782E8,medium,1,high,0.588846105991891,0.660290395671671,0.6869960942051627,0.6354225712517898,0.3397096043283289,1.0,0.7392913802221046,0.08333333333333333,0.54316233999099
P-C6EF7782E8,medium,1,low,0.619171270366871,0.7383023337884382,0.7482383115725084,0.6659668733676274,0.2616976662115617,1.0,0.840183752417795,0.125,0.5768569670743011
P-C6EF7782E8,small,0,high,0.5904032954212391,0.6541357257149436,0.6926033009182323,0.5781786466638247,0.3458642742850564,1.0,0.7868150684931507,0.20833333333333331,0.5448925504680434
P-C6EF7782E8,small,0,low,0.5849987407976931,0.6563518697565252,0.6840617954730988,0.5585893069704373,0.3436481302434748,1.0,0.895673076923077,0.20833333333333331,0.5388874897752145
P-C6EF7782E8,small,1,high,0.5745042328581667,0.6584589698097922,0.6968590779737993,0.5339326014121374,0.34154103019020776,1.0,0.6322287199480182,0.125,0.5272269253979629
P-C6EF7782E8,small,1,low,0.5741198867333659,0.6160999075932936,0.6657772876999595,0.5634388588368893,0.3839000924067064,1.0,0.8729039634146342,0.16666666666666666,0.5267998741481842
P-E83994D768,medium,0,high,0.5766568080042348,0.6383123004978353,0.669626384973526,0.5820015047987301,0.3616876995021647,1.0,0.47918136908962594,0.125,0.5296186755602609
P-E83994D768,medium,0,low,0.5760192480728482,0.6441455618901686,0.6876843029802496,0.5995058231055737,0.35585443810983136,1.0,0.4350127783862724,0.041666666666666664,0.5289102756364981
P-E83994D768,medium,1,high,0.5731720095105244,0.6618178134614772,0.6921042095531117,0.5928469312687715,0.33818218653852294,1.0,0.3994747818027342,0.0,0.5257466772339159
P-E83994D768,medium,1,low,0.5742767142752807,0.6360230987722224,0.6716333356770602,0.5900720196465652,0.36397690122777765,1.0,0.3536573045059608,0.08333333333333333,0.526974126972534
P-E83994D768,small,0,high,0.584012717324676,0.7035402547229419,0.7147763019258326,0.541017157336076,0.296459745277058,1.0,0.4879066780821918,0.125,0.5377919081385288
P-E83994D768,small,0,low,0.6223306151727834,0.7650123726237904,0.7766425365751439,0.5983376863102118,0.2349876273762096,1.0,0.4808978873239437,0.20833333333333331,0.5803673501919817
P-E83994D768,small,1,high,0.5761630646207117,0.6824509311806072,0.6875656599348241,0.5603575309117634,0.3175490688193928,1.0,0.4574493731918997,0.08333333333333333,0.5290700718007908
P-E83994D768,small,1,low,0.6074506481036995,0.6686053817922419,0.6843026876449585,0.6019811953107517,0.3313946182077581,1.0,0.49343093093093093,0.3333333333333333,0.5638340534485551
P-EAA9A620E2,medium,0,high,0.5794362067273169,0.6867795098911632,0.695454556833614,0.6083367218573887,0.3132204901088368,1.0,0.5787789922687283,0.0,0.5327068963636854
P-EAA9A620E2,medium,0,low,0.5903496616265991,0.6695722260258414,0.7014523825862191,0.6238431458671887,0.33042777397415857,1.0,0.6515804597701149,0.08333333333333333,0.5448329573628878
P-EAA9A620E2,medium,1,high,0.5820448171460267,0.6733780801296234,0.6954822621562264,0.6072194501757622,0.3266219198703766,1.0,0.6658193339227823,0.041666666666666664,0.5356053523844742
P-EAA9A620E2,medium,1,low,0.5939125877438169,0.6850945814089342,0.714192661372098,0.6419896533091863,0.31490541859106586,1.0,0.4450662739322533,0.041666666666666664,0.5487917641597967
P-EAA9A620E2,small,0,high,0.5811160398929409,0.667775036259131,0.7017596336928281,0.5365997143089771,0.332224963740869,1.0,0.6135531135531136,0.16666666666666666,0.5345733776588231
P-EAA9A620E2,small,0,low,0.591471413139141,0.6723333556543698,0.7152233584360643,0.5726336960991223,0.3276666443456303,1.0,0.493421052631579,0.16666666666666666,0.5460793479323789
P-EAA9A620E2,small,1,high,0.5777377357537097,0.6604372520338405,0.697831851514903,0.5689715345700582,0.3395627479661595,1.0,0.6582333507216136,0.08333333333333333,0.5308197063930107
P-EAA9A620E2,small,1,low,0.5786149173297666,0.6507974131540819,0.6839551058682529,0.5712207742035389,0.3492025868459181,1.0,0.7835751775239271,0.125,0.5317943525886295
P-FB0E050FB9,medium,0,high,0.5867600566735773,0.6224805848164991,0.6612845984372225,0.5862753925224145,0.37751941518350085,1.0,0.34448416751787536,0.25,0.5408445074150859
P-FB0E050FB9,medium,0,low,0.5963566952582562,0.6711418520320546,0.718786892565814,0.635758991042773,0.32885814796794544,1.0,0.3432663654714986,0.08333333333333333,0.5515074391758403
P-FB0E050FB9,medium,1,high,0.6148258767344734,0.6938025815920397,0.7170581248673525,0.5935033013423284,0.3061974184079604,1.0,0.16777070063694266,0.3333333333333333,0.5720287519271927
P-FB0E050FB9,medium,1,low,0.5863020931906773,0.6438887308944355,0.6930177428505637,0.6040483576556046,0.35611126910556445,1.0,0.3177881173944166,0.125,0.5403356591007524
P-FB0E050FB9,small,0,high,0.596123445598465,0.5996819788759404,0.6567571027712389,0.5656858024497826,0.4003180211240595,1.0,0.23307615729218517,0.4166666666666667,0.5512482728871833
P-FB0E050FB9,small,0,low,0.5653675764347568,0.6323564946651459,0.6790717813101681,0.5815878535310428,0.3676435053348541,1.0,0.38325350667122815,0.0,0.5170750849275076
P-FB0E050FB9,small,1,high,0.5823479621925137,0.6133097207004374,0.6809135512872175,0.5491713993251324,0.3866902792995626,1.0,0.4282504012841092,0.25,0.5359421802139042
P-FB0E050FB9,small,1,low,0.5999578583421129,0.6388256685300306,0.6665728661147031,0.5763035913308461,0.3611743314699693,1.0,0.42959582790091266,0.375,0.5555087314912366
